date;treatment;plots;species;cover;observer
2016_01;BF;10.1;Croton gracilescens;5;Alessandra
2016_01;BF;10.1;Cuphea hyssopoides;1;Alessandra
2016_01;BF;10.1;Eriosema congestum;10;Alessandra
2016_01;BF;10.1;Medusantha mollissima;1;Alessandra
2016_01;BF;10.1;Senega abreui;1;Alessandra
2016_01;BF;10.10;Chamaecrista claussenii;40;Alessandra
2016_01;BF;10.10;Croton gracilescens;10;Alessandra
2016_01;BF;10.10;Deianira pallescens;5;Alessandra
2016_01;BF;10.10;Heteropterys pannosa;20;Alessandra
2016_01;BF;10.10;Hyptis remota;5;Alessandra
2016_01;BF;10.10;Mimosa diminuta;30;Alessandra
2016_01;BF;10.2;Prestonia quinquangularis;5;Alessandra
2016_01;BF;10.2;Camarea ericoides;1;Alessandra
2016_01;BF;10.2;Croton gracilescens;5;Alessandra
2016_01;BF;10.2;Eriope sp;1;Alessandra
2016_01;BF;10.2;Ruellia trachyphylla;10;Alessandra
2016_01;BF;10.3;Amasonia hirta;5;Alessandra
2016_01;BF;10.3;Croton gracilescens;5;Alessandra
2016_01;BF;10.3;Gymneia chapadensis;10;Alessandra
2016_01;BF;10.3;Hyptis remota;5;Alessandra
2016_01;BF;10.3;Ipomoea fiebrigii;10;Alessandra
2016_01;BF;10.3;Kielmeyera rubriflora;5;Alessandra
2016_01;BF;10.3;Medusantha mollissima;5;Alessandra
2016_01;BF;10.3;Oxalis goyazensis;1;Alessandra
2016_01;BF;10.3;Turnera incana;5;Alessandra
2016_01;BF;10.4;Chamaecrista claussenii;5;Alessandra
2016_01;BF;10.4;Eriope sp;5;Alessandra
2016_01;BF;10.4;Euphorbia potentilloides;1;Alessandra
2016_01;BF;10.4;Gymneia chapadensis;10;Alessandra
2016_01;BF;10.4;Heteropterys pannosa;10;Alessandra
2016_01;BF;10.4;Ruellia trachyphylla;10;Alessandra
2016_01;BF;10.4;Turnera incana;1;Alessandra
2016_01;BF;10.4;Cuphea hyssopoides;5;Alessandra
2016_01;BF;10.4;Croton gracilescens;5;Alessandra
2016_01;BF;10.5;Chamaecrista ochrosperma;10;Alessandra
2016_01;BF;10.5;Croton gracilescens;10;Alessandra
2016_01;BF;10.5;Cuphea hyssopoides;5;Alessandra
2016_01;BF;10.5;Eriope sp;5;Alessandra
2016_01;BF;10.5;Kielmeyera rubriflora;5;Alessandra
2016_01;BF;10.5;Turnera incana;1;Alessandra
2016_01;BF;10.6;Chamaecrista claussenii;20;Alessandra
2016_01;BF;10.6;Chamaecrista ochrosperma;5;Alessandra
2016_01;BF;10.6;Croton gracilescens;10;Alessandra
2016_01;BF;10.6;Declieuxia lancifolia;5;Alessandra
2016_01;BF;10.6;Eriope sp;1;Alessandra
2016_01;BF;10.6;Eriosema congestum;5;Alessandra
2016_01;BF;10.6;Medusantha mollissima;10;Alessandra
2016_01;BF;10.6;Ruellia nitens;5;Alessandra
2016_01;BF;10.7;Anemopaegma arvense;5;Alessandra
2016_01;BF;10.7;Ayapana amygdalina;10;Alessandra
2016_01;BF;10.7;Bernardia hirsutissima;5;Alessandra
2016_01;BF;10.7;Croton gracilescens;10;Alessandra
2016_01;BF;10.7;Cuphea hyssopoides;1;Alessandra
2016_01;BF;10.7;Hemipogon acerosus;5;Alessandra
2016_01;BF;10.7;Heteropterys pannosa;10;Alessandra
2016_01;BF;10.7;Ruellia nitens;5;Alessandra
2016_01;BF;10.8;Aldama grandiflora;5;Alessandra
2016_01;BF;10.8;Chamaecrista claussenii;30;Alessandra
2016_01;BF;10.8;Croton gracilescens;5;Alessandra
2016_01;BF;10.8;Cuphea hyssopoides;5;Alessandra
2016_01;BF;10.8;Declieuxia lancifolia;1;Alessandra
2016_01;BF;10.8;Eriope sp;5;Alessandra
2016_01;BF;10.8;Hyptis remota;1;Alessandra
2016_01;BF;10.8;Ipomoea fiebrigii;5;Alessandra
2016_01;BF;10.8;Medusantha mollissima;10;Alessandra
2016_01;BF;10.8;Mimosa gracilis;1;Alessandra
2016_01;BF;10.8;Ruellia nitens;30;Alessandra
2016_01;BF;10.8;Pseudotrimezia juncifolia;1;Alessandra
2016_01;BF;10.9;Amasonia hirta;5;Alessandra
2016_01;BF;10.9;Croton gracilescens;10;Alessandra
2016_01;BF;10.9;Hemipogon acerosus;5;Alessandra
2016_01;BF;10.9;Hyptis remota;5;Alessandra
2016_01;BF;10.9;Ipomoea fiebrigii;5;Alessandra
2016_01;BF;10.9;Mimosa gracilis;1;Alessandra
2016_01;BF;10.9;Ruellia nitens;5;Alessandra
2016_01;FE;12.1;Croton gracilescens;10;Alessandra
2016_01;FE;12.1;Eriosema congestum;10;Alessandra
2016_01;FE;12.1;Gymneia chapadensis;5;Alessandra
2016_01;FE;12.1;Hypenia sp;1;Alessandra
2016_01;FE;12.1;Kielmeyera rubriflora;10;Alessandra
2016_01;FE;12.1;Medusantha mollissima;10;Alessandra
2016_01;FE;12.1;Tibouchina melastomoides;1;Alessandra
2016_01;FE;12.10;Croton gracilescens;5;Alessandra
2016_01;FE;12.10;Galactia sp;5;Alessandra
2016_01;FE;12.10;Gymneia chapadensis;5;Alessandra
2016_01;FE;12.10;Justicia lanstyakii;1;Alessandra
2016_01;FE;12.10;Pseudotrimezia juncifolia;5;Alessandra
2016_01;FE;12.10;Ruellia trachyphylla;5;Alessandra
2016_01;FE;12.2;Croton gracilescens;5;Alessandra
2016_01;FE;12.2;Cuphea hyssopoides;1;Alessandra
2016_01;FE;12.2;Gymneia chapadensis;5;Alessandra
2016_01;FE;12.2;Medusantha mollissima;5;Alessandra
2016_01;FE;12.3;Anemopaegma arvense;1;Alessandra
2016_01;FE;12.3;Croton gracilescens;10;Alessandra
2016_01;FE;12.3;Declieuxia lancifolia;1;Alessandra
2016_01;FE;12.3;Distimake ericoides;20;Alessandra
2016_01;FE;12.3;Justicia lanstyakii;5;Alessandra
2016_01;FE;12.3;Kielmeyera rubriflora;20;Alessandra
2016_01;FE;12.3;Oxalis goyazensis;1;Alessandra
2016_01;FE;12.4;Amasonia hirta;5;Alessandra
2016_01;FE;12.4;Anemopaegma arvense;5;Alessandra
2016_01;FE;12.4;Croton gracilescens;10;Alessandra
2016_01;FE;12.4;Cuphea hyssopoides;1;Alessandra
2016_01;FE;12.4;Galactia sp;1;Alessandra
2016_01;FE;12.4;Gymneia chapadensis;5;Alessandra
2016_01;FE;12.4;Hemipogon acerosus;1;Alessandra
2016_01;FE;12.4;Ipomoea paulistana;1;Alessandra
2016_01;FE;12.4;Justicia lanstyakii;5;Alessandra
2016_01;FE;12.4;Medusantha mollissima;5;Alessandra
2016_01;FE;12.4;Mimosa gracilis;1;Alessandra
2016_01;FE;12.4;Senega poaya;1;Alessandra
2016_01;FE;12.5;Amasonia hirta;5;Alessandra
2016_01;FE;12.5;Croton gracilescens;5;Alessandra
2016_01;FE;12.5;Cuphea hyssopoides;1;Alessandra
2016_01;FE;12.5;Hypenia sp;1;Alessandra
2016_01;FE;12.5;Ruellia trachyphylla;10;Alessandra
2016_01;FE;12.6;Aldama grandiflora;10;Alessandra
2016_01;FE;12.6;Chamaecrista claussenii;5;Alessandra
2016_01;FE;12.6;Chamaecrista isidorea;5;Alessandra
2016_01;FE;12.6;Ipomoea paulistana;1;Alessandra
2016_01;FE;12.6;Justicia lanstyakii;1;Alessandra
2016_01;FE;12.6;Kielmeyera rubriflora;5;Alessandra
2016_01;FE;12.6;Medusantha mollissima;5;Alessandra
2016_01;FE;12.6;Oxalis goyazensis;5;Alessandra
2016_01;FE;12.7;Aldama grandiflora;1;Alessandra
2016_01;FE;12.7;Amasonia hirta;10;Alessandra
2016_01;FE;12.7;Anemopaegma arvense;1;Alessandra
2016_01;FE;12.7;Croton gracilescens;5;Alessandra
2016_01;FE;12.7;Hemipogon acerosus;1;Alessandra
2016_01;FE;12.7;Heteropterys pannosa;1;Alessandra
2016_01;FE;12.7;Ichthyothere hirsuta;5;Alessandra
2016_01;FE;12.7;Manihot kalungae;5;Alessandra
2016_01;FE;12.8;Cipura xanthomelas;10;Alessandra
2016_01;FE;12.8;Croton gracilescens;10;Alessandra
2016_01;FE;12.8;Sabicea brasiliensis;5;Alessandra
2016_01;FE;12.8;Eriope sp;1;Alessandra
2016_01;FE;12.8;Gymneia chapadensis;5;Alessandra
2016_01;FE;12.8;Ichthyothere hirsuta;1;Alessandra
2016_01;FE;12.8;Ruellia trachyphylla;20;Alessandra
2016_01;FE;12.9;Amasonia hirta;5;Alessandra
2016_01;FE;12.9;Chamaecrista claussenii;10;Alessandra
2016_01;FE;12.9;Croton gracilescens;10;Alessandra
2016_01;FE;12.9;Eriosema congestum;10;Alessandra
2016_01;FE;12.9;Euphorbia potentilloides ;1;Alessandra
2016_01;FE;12.9;Kielmeyera rubriflora;20;Alessandra
2016_01;FE;12.9;Manihot kalungae;5;Alessandra
2016_01;FE;12.9;Ruellia trachyphylla;10;Alessandra
2016_01;FE;13.1;Ayapana amygdalina;5;Alessandra
2016_01;FE;13.1;Croton gracilescens;10;Alessandra
2016_01;FE;13.1;Gymneia chapadensis;10;Alessandra
2016_01;FE;13.1;Ichthyothere hirsuta;10;Alessandra
2016_01;FE;13.1;Mimosa cavalcantina;5;Alessandra
2016_01;FE;13.1;Mimosa gracilis;10;Alessandra
2016_01;FE;13.10;Ancistrotropis firmula;20;Alessandra
2016_01;FE;13.10;Chamaecrista isidorea;10;Alessandra
2016_01;FE;13.10;Cipura xanthomelas;10;Alessandra
2016_01;FE;13.10;Croton gracilescens;10;Alessandra
2016_01;FE;13.10;Declieuxia lancifolia;1;Alessandra
2016_01;FE;13.10;Hypenia sp;1;Alessandra
2016_01;FE;13.10;Hyptis remota;10;Alessandra
2016_01;FE;13.10;Kielmeyera abdita;5;Alessandra
2016_01;FE;13.10;Mimosa cavalcantina;5;Alessandra
2016_01;FE;13.2;Anemopaegma arvense;5;Alessandra
2016_01;FE;13.2;Croton gracilescens;10;Alessandra
2016_01;FE;13.2;Cuphea hyssopoides;5;Alessandra
2016_01;FE;13.2;Gymneia chapadensis;5;Alessandra
2016_01;FE;13.2;Mimosa gracilis;1;Alessandra
2016_01;FE;13.2;Turnera incana;1;Alessandra
2016_01;FE;13.3;Croton gracilescens;10;Alessandra
2016_01;FE;13.3;Cuphea hyssopoides;1;Alessandra
2016_01;FE;13.3;Eriosema congestum;5;Alessandra
2016_01;FE;13.3;Euphorbia potentilloides ;1;Alessandra
2016_01;FE;13.3;Ichthyothere hirsuta;5;Alessandra
2016_01;FE;13.4;Croton gracilescens;10;Alessandra
2016_01;FE;13.4;Cuphea hyssopoides;5;Alessandra
2016_01;FE;13.4;Ichthyothere hirsuta;5;Alessandra
2016_01;FE;13.4;Chamaecrista claussenii;5;Alessandra
2016_01;FE;13.4;Eriosema congestum;15;Alessandra
2016_01;FE;13.4;Aldama grandiflora;1;Alessandra
2016_01;FE;13.4;Gymneia chapadensis;5;Alessandra
2016_01;FE;13.4;Oxalis goyazensis;1;Alessandra
2016_01;FE;13.6;Chamaecrista isidorea;10;Alessandra
2016_01;FE;13.6;Croton gracilescens;5;Alessandra
2016_01;FE;13.6;Eriope sp;1;Alessandra
2016_01;FE;13.6;Ipomoea paulistana;10;Alessandra
2016_01;FE;13.6;Lippia horridula;1;Alessandra
2016_01;FE;13.6;Tibouchina melastomoides;5;Alessandra
2016_01;FE;13.7;Borreria tenella;5;Alessandra
2016_01;FE;13.7;Chamaecrista claussenii;5;Alessandra
2016_01;FE;13.7;Croton gracilescens;5;Alessandra
2016_01;FE;13.7;Eriope sp;5;Alessandra
2016_01;FE;13.7;Euphorbia potentilloides ;5;Alessandra
2016_01;FE;13.7;Gymneia chapadensis;10;Alessandra
2016_01;FE;13.7;Heteropterys pannosa;5;Alessandra
2016_01;FE;13.7;Medusantha mollissima;5;Alessandra
2016_01;FE;13.8;Chamaecrista claussenii;5;Alessandra
2016_01;FE;13.8;Croton gracilescens;10;Alessandra
2016_01;FE;13.8;Eriope sp;1;Alessandra
2016_01;FE;13.8;Euphorbia potentilloides ;5;Alessandra
2016_01;FE;13.8;Galactia sp;5;Alessandra
2016_01;FE;13.8;Gymneia chapadensis;5;Alessandra
2016_01;FE;13.8;Hypenia sp;1;Alessandra
2016_01;FE;13.8;Ipomoea paulistana;5;Alessandra
2016_01;FE;13.8;Justicia lanstyakii;10;Alessandra
2016_01;FE;13.8;Mimosa longipes;1;Alessandra
2016_01;FE;13.8;Ruellia trachyphylla;5;Alessandra
2016_01;FE;13.8;Tibouchina melastomoides;5;Alessandra
2016_01;FE;13.9;Croton gracilescens;10;Alessandra
2016_01;FE;13.9;Mimosa gracilis;10;Alessandra
2016_01;FE;13.9;Mimosa macrocephala;5;Alessandra
2016_01;FE;13.9;Ichthyothere hirsuta;10;Alessandra
2016_01;FE;13.9;Ayapana amygdalina;10;Alessandra
2016_01;BF;17.1;Aldama grandiflora;5;Alessandra
2016_01;BF;17.1;Calliandra dysantha;10;Alessandra
2016_01;BF;17.1;Chamaecrista fagonioides;20;Alessandra
2016_01;BF;17.1;Croton gracilescens;20;Alessandra
2016_01;BF;17.1;Gymneia chapadensis;10;Alessandra
2016_01;BF;17.4;Calliandra dysantha;5;Alessandra
2016_01;BF;17.4;Chamaecrista ochrosperma;5;Alessandra
2016_01;BF;17.4;Croton gracilescens;20;Alessandra
2016_01;BF;17.4;Eriope sp;10;Alessandra
2016_01;BF;17.4;Gymneia chapadensis;20;Alessandra
2016_01;BF;17.4;Hemipogon acerosus;5;Alessandra
2016_01;BF;17.4;Heteropterys pannosa;10;Alessandra
2016_01;BF;17.4;Mimosa macrocephala;10;Alessandra
2016_01;BF;17.5;Camarea ericoides;5;Alessandra
2016_01;BF;17.5;Croton gracilescens;10;Alessandra
2016_01;BF;17.5;Gymneia chapadensis;5;Alessandra
2016_01;BF;17.5;Heteropterys pannosa;5;Alessandra
2016_01;BF;17.5;Ruellia trachyphylla;20;Alessandra
2016_01;BF;17.5;Turnera incana;10;Alessandra
2016_01;BF;17.5;Lippia horridula;5;Alessandra
2016_01;BF;2.1;Calliandra dysantha;10;Alessandra
2016_01;BF;2.1;Chamaecrista claussenii;5;Alessandra
2016_01;BF;2.1;Croton gracilescens;10;Alessandra
2016_01;BF;2.1;Eriope sp;5;Alessandra
2016_01;BF;2.1;Hemipogon acerosus;1;Alessandra
2016_01;BF;2.1;Hyptis remota;1;Alessandra
2016_01;BF;2.1;Ichthyothere hirsuta;5;Alessandra
2016_01;BF;2.1;Oxalis goyazensis;5;Alessandra
2016_01;BF;2.1;Ruellia trachyphylla;20;Alessandra
2016_01;BF;2.1;Senega abreui;1;Alessandra
2016_01;BF;2.10;Aldama bracteata;5;Alessandra
2016_01;BF;2.10;Camarea ericoides;10;Alessandra
2016_01;BF;2.10;Croton gracilescens;10;Alessandra
2016_01;BF;2.10;Deianira pallescens;5;Alessandra
2016_01;BF;2.10;Heteropterys pannosa;10;Alessandra
2016_01;BF;2.10;Hypenia sp;5;Alessandra
2016_01;BF;2.10;Hyptis remota;10;Alessandra
2016_01;BF;2.10;Mimosa cavalcantina;10;Alessandra
2016_01;BF;2.10;Mimosa gracilis;10;Alessandra
2016_01;BF;2.10;Tibouchina melastomoides;5;Alessandra
2016_01;BF;2.2;Chamaecrista claussenii;30;Alessandra
2016_01;BF;2.2;Chamaecrista ochrosperma;10;Alessandra
2016_01;BF;2.2;Croton gracilescens;5;Alessandra
2016_01;BF;2.2;Heteropterys pannosa;20;Alessandra
2016_01;BF;2.2;Mimosa gracilis;10;Alessandra
2016_01;BF;2.2;Ruellia trachyphylla;5;Alessandra
2016_01;BF;2.2;Senega abreui;1;Alessandra
2016_01;BF;2.3;Chamaecrista ochrosperma;5;Alessandra
2016_01;BF;2.3;Croton gracilescens;10;Alessandra
2016_01;BF;2.3;Eriope sp;1;Alessandra
2016_01;BF;2.3;Ichthyothere hirsuta;10;Alessandra
2016_01;BF;2.3;Distimake ericoides;10;Alessandra
2016_01;BF;2.3;Mimosa cavalcantina;10;Alessandra
2016_01;BF;2.3;Mimosa gracilis;10;Alessandra
2016_01;BF;2.3;Ruellia trachyphylla;10;Alessandra
2016_01;BF;2.3;Ayapana amygdalina;5;Alessandra
2016_01;BF;2.4;Bernardia hirsutissima;5;Alessandra
2016_01;BF;2.4;Borreria poaya;10;Alessandra
2016_01;BF;2.4;Croton gracilescens;50;Alessandra
2016_01;BF;2.4;Eriope sp;1;Alessandra
2016_01;BF;2.4;Euphorbia potentilloides;5;Alessandra
2016_01;BF;2.4;Gymneia chapadensis;10;Alessandra
2016_01;BF;2.4;Hypenia sp;5;Alessandra
2016_01;BF;2.4;Hyptis remota;10;Alessandra
2016_01;BF;2.4;Justicia lanstyakii;1;Alessandra
2016_01;BF;2.4;Distimake ericoides;5;Alessandra
2016_01;BF;2.4;Mimosa gracilis;5;Alessandra
2016_01;BF;2.6;Croton gracilescens;5;Alessandra
2016_01;BF;2.6;Deianira pallescens;1;Alessandra
2016_01;BF;2.6;Justicia lanstyakii;5;Alessandra
2016_01;BF;2.6;Mimosa gracilis;10;Alessandra
2016_01;BF;2.6;Ruellia trachyphylla;10;Alessandra
2016_01;BF;2.8;Croton gracilescens;10;Alessandra
2016_01;BF;2.8;Hyptis remota;10;Alessandra
2016_01;BF;2.8;Mimosa gracilis;20;Alessandra
2016_01;BF;2.8;Oxalis goyazensis;5;Alessandra
2016_01;BF;2.8;Ruellia trachyphylla;20;Alessandra
2016_01;BF;2.8;Senega abreui;1;Alessandra
2016_01;BF;2.9;Croton gracilescens;10;Alessandra
2016_01;BF;2.9;Eriope sp;5;Alessandra
2016_01;BF;2.9;Mimosa gracilis;10;Alessandra
2016_01;BF;2.9;Senega abreui;1;Alessandra
2016_01;BF;23.1;Aldama grandiflora;10;Alessandra
2016_01;BF;23.1;Chamaecrista fagonioides;5;Alessandra
2016_01;BF;23.1;Croton gracilescens;5;Alessandra
2016_01;BF;23.1;Eriosema congestum;5;Alessandra
2016_01;BF;23.1;Hyptis remota;5;Alessandra
2016_01;BF;23.1;Ichthyothere hirsuta;5;Alessandra
2016_01;BF;23.1;Justicia lanstyakii;5;Alessandra
2016_01;BF;23.1;Kielmeyera rubriflora;5;Alessandra
2016_01;BF;23.1;Mimosa macrocephala;5;Alessandra
2016_01;BF;23.1;Ruellia trachyphylla;10;Alessandra
2016_01;BF;23.10;Chamaecrista claussenii;5;Alessandra
2016_01;BF;23.10;Croton gracilescens;10;Alessandra
2016_01;BF;23.10;Eriope sp;5;Alessandra
2016_01;BF;23.10;Hyptis remota;10;Alessandra
2016_01;BF;23.10;Manihot kalungae;5;Alessandra
2016_01;BF;23.10;Mimosa gracilis;5;Alessandra
2016_01;BF;23.10;Ruellia nitens;10;Alessandra
2016_01;BF;23.10;Senega abreui;1;Alessandra
2016_01;BF;23.2;Amasonia hirta;5;Alessandra
2016_01;BF;23.2;Calliandra dysantha;10;Alessandra
2016_01;BF;23.2;Croton gracilescens;10;Alessandra
2016_01;BF;23.2;Deianira pallescens;10;Alessandra
2016_01;BF;23.2;Eriope sp;5;Alessandra
2016_01;BF;23.2;Hyptis remota;5;Alessandra
2016_01;BF;23.2;Ichthyothere hirsuta;5;Alessandra
2016_01;BF;23.2;Tibouchina melastomoides;5;Alessandra
2016_01;BF;23.3;Chamaecrista claussenii;15;Alessandra
2016_01;BF;23.3;Aldama grandiflora;5;Alessandra
2016_01;BF;23.3;Camarea ericoides;5;Alessandra
2016_01;BF;23.3;Croton gracilescens;10;Alessandra
2016_01;BF;23.3;Eriope sp;5;Alessandra
2016_01;BF;23.3;Euphorbia potentilloides;5;Alessandra
2016_01;BF;23.3;Heteropterys pannosa;5;Alessandra
2016_01;BF;23.3;Ichthyothere hirsuta;5;Alessandra
2016_01;BF;23.3;Medusantha mollissima;5;Alessandra
2016_01;BF;23.3;Oxalis goyazensis;20;Alessandra
2016_01;BF;23.4;Anemopaegma arvense;5;Alessandra
2016_01;BF;23.4;Bernardia hirsutissima;5;Alessandra
2016_01;BF;23.4;Chamaecrista claussenii;40;Alessandra
2016_01;BF;23.4;Chamaecrista ochrosperma;10;Alessandra
2016_01;BF;23.4;Croton gracilescens;5;Alessandra
2016_01;BF;23.4;Euphorbia potentilloides;5;Alessandra
2016_01;BF;23.4;Gymneia chapadensis;10;Alessandra
2016_01;BF;23.4;Hyptis remota;10;Alessandra
2016_01;BF;23.4;Chrysolaena simplex;5;Alessandra
2016_01;BF;23.5;Aldama grandiflora;5;Alessandra
2016_01;BF;23.5;Calliandra dysantha;5;Alessandra
2016_01;BF;23.5;Chamaecrista claussenii;5;Alessandra
2016_01;BF;23.5;Croton gracilescens;20;Alessandra
2016_01;BF;23.5;Eriope sp;20;Alessandra
2016_01;BF;23.5;Euphorbia potentilloides;1;Alessandra
2016_01;BF;23.5;Hypenia sp;1;Alessandra
2016_01;BF;23.5;Hyptis remota;10;Alessandra
2016_01;BF;23.5;Ichthyothere hirsuta;5;Alessandra
2016_01;BF;23.5;Justicia lanstyakii;10;Alessandra
2016_01;BF;23.5;Lessingianthus durus;20;Alessandra
2016_01;BF;23.5;Medusantha mollissima;1;Alessandra
2016_01;BF;23.5;Stachytarpheta villosa;1;Alessandra
2016_01;BF;23.6;Aldama grandiflora;10;Alessandra
2016_01;BF;23.6;Calliandra dysantha;10;Alessandra
2016_01;BF;23.6;Croton gracilescens;20;Alessandra
2016_01;BF;23.6;Ichthyothere hirsuta;1;Alessandra
2016_01;BF;23.6;Mimosa gracilis;1;Alessandra
2016_01;BF;23.7;Bernardia hirsutissima;5;Alessandra
2016_01;BF;23.7;Calliandra dysantha;20;Alessandra
2016_01;BF;23.7;Chamaecrista ochrosperma;5;Alessandra
2016_01;BF;23.7;Croton gracilescens;20;Alessandra
2016_01;BF;23.7;Heteropterys pannosa;5;Alessandra
2016_01;BF;23.7;Ichthyothere hirsuta;10;Alessandra
2016_01;BF;23.7;Mimosa gracilis;5;Alessandra
2016_01;BF;23.7;Oxalis goyazensis;10;Alessandra
2016_01;FE;6.1;Croton gracilescens;5;Alessandra
2016_01;FE;6.1;Eriope sp;5;Alessandra
2016_01;FE;6.1;Hemipogon acerosus;5;Alessandra
2016_01;FE;6.1;Heteropterys pannosa;10;Alessandra
2016_01;FE;6.1;Hypenia sp;5;Alessandra
2016_01;FE;6.1;Mimosa gracilis;5;Alessandra
2016_01;FE;6.1;Ruellia trachyphylla;5;Alessandra
2016_01;FE;6.10;Aldama grandiflora;5;Alessandra
2016_01;FE;6.10;Croton gracilescens;10;Alessandra
2016_01;FE;6.10;Hyptis remota;5;Alessandra
2016_01;FE;6.10;Ruellia trachyphylla;20;Alessandra
2016_01;FE;6.2;Amasonia hirta;5;Alessandra
2016_01;FE;6.2;Croton gracilescens;10;Alessandra
2016_01;FE;6.2;Euphorbia potentilloides ;10;Alessandra
2016_01;FE;6.2;Galactia sp;5;Alessandra
2016_01;FE;6.2;Ruellia trachyphylla;10;Alessandra
2016_01;FE;6.2;Senega poaya;1;Alessandra
2016_01;FE;6.3;Croton gracilescens;10;Alessandra
2016_01;FE;6.3;Gymneia chapadensis;10;Alessandra
2016_01;FE;6.3;Kielmeyera rubriflora;5;Alessandra
2016_01;FE;6.3;Manihot kalungae;5;Alessandra
2016_01;FE;6.4;Chamaecrista claussenii;20;Alessandra
2016_01;FE;6.4;Croton gracilescens;5;Alessandra
2016_01;FE;6.4;Eriope sp;1;Alessandra
2016_01;FE;6.4;Gymneia chapadensis;10;Alessandra
2016_01;FE;6.4;Heteropterys pannosa;10;Alessandra
2016_01;FE;6.4;Manihot kalungae;1;Alessandra
2016_01;FE;6.4;Medusantha mollissima;10;Alessandra
2016_01;FE;6.4;Mimosa gracilis;5;Alessandra
2016_01;FE;6.4;Ruellia trachyphylla;10;Alessandra
2016_01;FE;6.5;Croton gracilescens;10;Alessandra
2016_01;FE;6.5;Distimake digitatus;1;Alessandra
2016_01;FE;6.5;Eriope sp;1;Alessandra
2016_01;FE;6.5;Galactia sp;5;Alessandra
2016_01;FE;6.5;Gymneia chapadensis;5;Alessandra
2016_01;FE;6.5;Mimosa gracilis;5;Alessandra
2016_01;FE;6.6;Croton gracilescens;5;Alessandra
2016_01;FE;6.6;Gymneia chapadensis;20;Alessandra
2016_01;FE;6.6;Heteropterys pannosa;20;Alessandra
2016_01;FE;6.6;Medusantha mollissima;10;Alessandra
2016_01;FE;6.6;Mimosa gracilis;5;Alessandra
2016_01;FE;6.6;Senega poaya;20;Alessandra
2016_01;FE;6.7;Croton gracilescens;10;Alessandra
2016_01;FE;6.7;Distimake digitatus;10;Alessandra
2016_01;FE;6.7;Hypenia sp;1;Alessandra
2016_01;FE;6.7;Mimosa gracilis;1;Alessandra
2016_01;FE;6.7;Mimosa longipes;10;Alessandra
2016_01;FE;6.7;Ruellia trachyphylla;10;Alessandra
2016_01;FE;6.8;Calliandra dysantha;20;Alessandra
2016_01;FE;6.8;Calolisianthus speciosus;10;Alessandra
2016_01;FE;6.8;Croton gracilescens;5;Alessandra
2016_01;FE;6.8;Mimosa gracilis;1;Alessandra
2016_01;FE;6.9;Croton gracilescens;5;Alessandra
2016_01;FE;6.9;Euphorbia potentilloides ;1;Alessandra
2016_01;FE;6.9;Galactia sp;5;Alessandra
2016_01;FE;6.9;Mimosa gracilis;5;Alessandra
2016_01;FE;6.9;Ruellia trachyphylla;5;Alessandra
2017_03;BF;10.1;Bernardia hirsutissima;10;Vagner
2017_03;BF;10.1;Croton gracilescens;5;Vagner
2017_03;BF;10.1;Gymneia chapadensis;5;Vagner
2017_03;BF;10.1;Medusantha mollissima;10;Vagner
2017_03;BF;10.1;Pseudotrimezia juncifolia;5;Vagner
2017_03;BF;10.10;Chamaecrista claussenii;40;Vagner
2017_03;BF;10.10;Croton gracilescens;5;Vagner
2017_03;BF;10.10;Hyptis remota;5;Vagner
2017_03;BF;10.10;Mimosa cavalcantina;10;Vagner
2017_03;BF;10.10;Porophyllum obscurum;1;Vagner
2017_03;BF;10.2;Croton gracilescens;10;Vagner
2017_03;BF;10.2;Eriope sp;1;Vagner
2017_03;BF;10.2;Euphorbia potentilloides;5;Vagner
2017_03;BF;10.2;Heteropterys pannosa;10;Vagner
2017_03;BF;10.2;Ruellia trachyphylla;20;Vagner
2017_03;BF;10.3;Amasonia hirta;5;Vagner
2017_03;BF;10.3;Croton gracilescens;10;Vagner
2017_03;BF;10.3;Gymneia chapadensis;5;Vagner
2017_03;BF;10.3;Hypenia sp;5;Vagner
2017_03;BF;10.3;Hyptis remota;5;Vagner
2017_03;BF;10.3;Ipomoea fiebrigii;10;Vagner
2017_03;BF;10.3;Medusantha mollissima;1;Vagner
2017_03;BF;10.4;Croton gracilescens;10;Vagner
2017_03;BF;10.4;Chamaecrista claussenii;10;Vagner
2017_03;BF;10.4;Eriope sp;5;Vagner
2017_03;BF;10.4;Euphorbia potentilloides;5;Vagner
2017_03;BF;10.4;Gymneia chapadensis;5;Vagner
2017_03;BF;10.4;Heteropterys pannosa;10;Vagner
2017_03;BF;10.4;Ruellia trachyphylla;20;Vagner
2017_03;BF;10.5;Chamaecrista ochrosperma;10;Vagner
2017_03;BF;10.5;Croton gracilescens;5;Vagner
2017_03;BF;10.5;Cuphea hyssopoides;10;Vagner
2017_03;BF;10.5;Eriope sp;1;Vagner
2017_03;BF;10.6;Gymneia chapadensis;5;Vagner
2017_03;BF;10.6;Hemipogon acerosus;5;Vagner
2017_03;BF;10.6;Chamaecrista claussenii;20;Vagner
2017_03;BF;10.6;Chamaecrista ochrosperma;10;Vagner
2017_03;BF;10.6;Croton gracilescens;10;Vagner
2017_03;BF;10.6;Hemipogon acerosus;5;Vagner
2017_03;BF;10.6;Medusantha mollissima;20;Vagner
2017_03;BF;10.7;Ayapana amygdalina;5;Vagner
2017_03;BF;10.7;Bernardia hirsutissima;10;Vagner
2017_03;BF;10.7;Chamaecrista ochrosperma;5;Vagner
2017_03;BF;10.7;Croton gracilescens;10;Vagner
2017_03;BF;10.7;Cuphea hyssopoides;10;Vagner
2017_03;BF;10.7;Heteropterys pannosa;10;Vagner
2017_03;BF;10.8;Aldama grandiflora;10;Vagner
2017_03;BF;10.8;Chamaecrista claussenii;40;Vagner
2017_03;BF;10.8;Croton gracilescens;10;Vagner
2017_03;BF;10.8;Cuphea hyssopoides;10;Vagner
2017_03;BF;10.8;Eriope sp;1;Vagner
2017_03;BF;10.8;Hypenia sp;5;Vagner
2017_03;BF;10.8;Hyptis remota;5;Vagner
2017_03;BF;10.8;Ipomoea fiebrigii;5;Vagner
2017_03;BF;10.8;Ruellia nitens;20;Vagner
2017_03;BF;10.9;Croton gracilescens;10;Vagner
2017_03;BF;10.9;Hyptis remota;5;Vagner
2017_03;BF;10.9;Ruellia nitens;20;Vagner
2017_03;FE;12.1;Croton gracilescens;10;Vagner
2017_03;FE;12.1;Distimake digitatus;20;Vagner
2017_03;FE;12.1;Gymneia chapadensis;5;Vagner
2017_03;FE;12.1;Ichthyothere hirsuta;5;Vagner
2017_03;FE;12.1;Kielmeyera rubriflora;10;Vagner
2017_03;FE;12.1;Medusantha mollissima;10;Vagner
2017_03;FE;12.10;Croton gracilescens;5;Vagner
2017_03;FE;12.10;Gymneia chapadensis;5;Vagner
2017_03;FE;12.10;Justicia lanstyakii;5;Vagner
2017_03;FE;12.10;Pseudotrimezia juncifolia;10;Vagner
2017_03;FE;12.10;Ruellia trachyphylla;10;Vagner
2017_03;FE;12.2;Croton gracilescens;5;Vagner
2017_03;FE;12.2;Medusantha mollissima;10;Vagner
2017_03;FE;12.3;Anemopaegma arvense;20;Vagner
2017_03;FE;12.3;Croton gracilescens;10;Vagner
2017_03;FE;12.3;Gymneia chapadensis;10;Vagner
2017_03;FE;12.3;Justicia lanstyakii;10;Vagner
2017_03;FE;12.3;Kielmeyera rubriflora;20;Vagner
2017_03;FE;12.4;Amasonia hirta;10;Vagner
2017_03;FE;12.4;Croton gracilescens;10;Vagner
2017_03;FE;12.4;Cuphea hyssopoides;5;Vagner
2017_03;FE;12.4;Gymneia chapadensis;10;Vagner
2017_03;FE;12.4;Heteropterys pannosa;10;Vagner
2017_03;FE;12.4;Medusantha mollissima;1;Vagner
2017_03;FE;12.5;Chamaecrista claussenii;10;Vagner
2017_03;FE;12.5;Croton gracilescens;5;Vagner
2017_03;FE;12.5;Manihot kalungae;5;Vagner
2017_03;FE;12.5;Ruellia trachyphylla;20;Vagner
2017_03;FE;12.6;Chamaecrista claussenii;10;Vagner
2017_03;FE;12.6;Croton gracilescens;5;Vagner
2017_03;FE;12.6;Eriope sp;1;Vagner
2017_03;FE;12.6;Kielmeyera rubriflora;10;Vagner
2017_03;FE;12.6;Medusantha mollissima;10;Vagner
2017_03;FE;12.6;Mimosa longipes;40;Vagner
2017_03;FE;12.6;Tibouchina melastomoides;10;Vagner
2017_03;FE;12.7;Anemopaegma arvense;5;Vagner
2017_03;FE;12.7;Croton gracilescens;5;Vagner
2017_03;FE;12.7;Gymneia chapadensis;5;Vagner
2017_03;FE;12.7;Hemipogon acerosus;5;Vagner
2017_03;FE;12.7;Hypenia sp;5;Vagner
2017_03;FE;12.7;Hyptis remota;5;Vagner
2017_03;FE;12.7;Justicia lanstyakii;5;Vagner
2017_03;FE;12.7;Mimosa gracilis;5;Vagner
2017_03;FE;12.7;Chamaecrista isidorea;10;Vagner
2017_03;FE;12.8;Bernardia hirsutissima;10;Vagner
2017_03;FE;12.8;Cipura xanthomelas;10;Vagner
2017_03;FE;12.8;Croton gracilescens;5;Vagner
2017_03;FE;12.8;Galactia sp;5;Vagner
2017_03;FE;12.8;Gymneia chapadensis;10;Vagner
2017_03;FE;12.8;Hyptis remota;10;Vagner
2017_03;FE;12.8;Ichthyothere hirsuta;1;Vagner
2017_03;FE;12.8;Lippia horridula;10;Vagner
2017_03;FE;12.8;Ruellia trachyphylla;20;Vagner
2017_03;FE;12.9;Chamaecrista claussenii;20;Vagner
2017_03;FE;12.9;Croton gracilescens;10;Vagner
2017_03;FE;12.9;Gymneia chapadensis;5;Vagner
2017_03;FE;12.9;Heteropterys pannosa;10;Vagner
2017_03;FE;12.9;Ipomoea paulistana;20;Vagner
2017_03;FE;12.9;Kielmeyera rubriflora;30;Vagner
2017_03;FE;12.9;Manihot kalungae;10;Vagner
2017_03;FE;12.9;Ruellia trachyphylla;10;Vagner
2017_03;FE;13.1;Ayapana amygdalina;5;Vagner
2017_03;FE;13.1;Croton gracilescens;10;Vagner
2017_03;FE;13.1;Eriosema congestum;10;Vagner
2017_03;FE;13.1;Euphorbia potentilloides ;5;Vagner
2017_03;FE;13.1;Gymneia chapadensis;5;Vagner
2017_03;FE;13.1;Ichthyothere hirsuta;5;Vagner
2017_03;FE;13.1;Justicia lanstyakii;5;Vagner
2017_03;FE;13.1;Mimosa gracilis;1;Vagner
2017_03;FE;13.10;Ancistrotropis firmula;30;Vagner
2017_03;FE;13.10;Chamaecrista isidorea;10;Vagner
2017_03;FE;13.10;Cipura xanthomelas;20;Vagner
2017_03;FE;13.10;Croton gracilescens;20;Vagner
2017_03;FE;13.10;Declieuxia lancifolia;1;Vagner
2017_03;FE;13.10;Eriope sp;1;Vagner
2017_03;FE;13.10;Heteropterys pannosa;5;Vagner
2017_03;FE;13.10;Hyptis remota;20;Vagner
2017_03;FE;13.10;Kielmeyera abdita;10;Vagner
2017_03;FE;13.10;Mimosa cavalcantina;10;Vagner
2017_03;FE;13.2;Aldama grandiflora;10;Vagner
2017_03;FE;13.2;Anemopaegma arvense;5;Vagner
2017_03;FE;13.2;Croton gracilescens;1;Vagner
2017_03;FE;13.2;Dalechampia linearis;10;Vagner
2017_03;FE;13.2;Declieuxia lancifolia;1;Vagner
2017_03;FE;13.2;Eriope sp;5;Vagner
2017_03;FE;13.2;Gymneia chapadensis;5;Vagner
2017_03;FE;13.2;Hypenia sp;5;Vagner
2017_03;FE;13.2;Mimosa cavalcantina;10;Vagner
2017_03;FE;13.2;Mimosa gracilis;10;Vagner
2017_03;FE;13.3;Croton gracilescens;20;Vagner
2017_03;FE;13.3;Ctenodon paniculatus;10;Vagner
2017_03;FE;13.3;Eriope sp;10;Vagner
2017_03;FE;13.3;Eriosema congestum;10;Vagner
2017_03;FE;13.3;Euphorbia potentilloides ;10;Vagner
2017_03;FE;13.3;Ichthyothere hirsuta;1;Vagner
2017_03;FE;13.3;Justicia lanstyakii;1;Vagner
2017_03;FE;13.3;Pseudotrimezia juncifolia;5;Vagner
2017_03;FE;13.5;Croton gracilescens;10;Vagner
2017_03;FE;13.5;Eriosema congestum;20;Vagner
2017_03;FE;13.5;Gymneia chapadensis;5;Vagner
2017_03;FE;13.5;Ruellia trachyphylla;5;Vagner
2017_03;FE;13.6;Aldama grandiflora;10;Vagner
2017_03;FE;13.6;Bernardia hirsutissima;5;Vagner
2017_03;FE;13.6;Chamaecrista isidorea;10;Vagner
2017_03;FE;13.6;Croton gracilescens;10;Vagner
2017_03;FE;13.6;Eriope sp;1;Vagner
2017_03;FE;13.6;Euphorbia potentilloides ;10;Vagner
2017_03;FE;13.6;Ipomoea paulistana;10;Vagner
2017_03;FE;13.6;Lippia horridula;5;Vagner
2017_03;FE;13.7;Chamaecrista claussenii;20;Vagner
2017_03;FE;13.7;Croton gracilescens;20;Vagner
2017_03;FE;13.7;Eriope sp;5;Vagner
2017_03;FE;13.7;Euphorbia potentilloides ;10;Vagner
2017_03;FE;13.7;Gymneia chapadensis;10;Vagner
2017_03;FE;13.7;Heteropterys pannosa;5;Vagner
2017_03;FE;13.7;Medusantha mollissima;5;Vagner
2017_03;FE;13.7;Sisyrinchium luzula;5;Vagner
2017_03;FE;13.8;Bernardia hirsutissima;5;Vagner
2017_03;FE;13.8;Chamaecrista claussenii;1;Vagner
2017_03;FE;13.8;Croton gracilescens;10;Vagner
2017_03;FE;13.8;Eriope sp;5;Vagner
2017_03;FE;13.8;Euphorbia potentilloides ;10;Vagner
2017_03;FE;13.8;Galactia sp;10;Vagner
2017_03;FE;13.8;Gymneia chapadensis;5;Vagner
2017_03;FE;13.8;Ipomoea paulistana;5;Vagner
2017_03;FE;13.8;Justicia lanstyakii;10;Vagner
2017_03;FE;13.8;Kielmeyera rubriflora;10;Vagner
2017_03;FE;13.8;Tibouchina melastomoides;5;Vagner
2017_03;FE;13.9;Camarea ericoides;5;Vagner
2017_03;FE;13.9;Eriope sp;5;Vagner
2017_03;FE;13.9;Gymneia chapadensis;5;Vagner
2017_03;FE;13.9;Justicia lanstyakii;20;Vagner
2017_03;FE;13.9;Oxalis pyrenea var. macrochaeta;10;Vagner
2017_03;BF;17.1;Aldama grandiflora;20;Alessandra
2017_03;BF;17.1;Anemopaegma arvense;20;Alessandra
2017_03;BF;17.1;Calliandra dysantha;20;Alessandra
2017_03;BF;17.1;Chamaecrista claussenii;10;Alessandra
2017_03;BF;17.1;Chamaecrista fagonioides;30;Alessandra
2017_03;BF;17.1;Croton gracilescens;20;Alessandra
2017_03;BF;17.1;Gymneia chapadensis;10;Alessandra
2017_03;BF;17.10;Bernardia hirsutissima;10;Alessandra
2017_03;BF;17.10;Calliandra dysantha;5;Alessandra
2017_03;BF;17.10;Chamaecrista claussenii;20;Alessandra
2017_03;BF;17.10;Chamaecrista ochrosperma;20;Alessandra
2017_03;BF;17.10;Croton gracilescens;5;Alessandra
2017_03;BF;17.10;Heteropterys pannosa;10;Alessandra
2017_03;BF;17.10;Mimosa cavalcantina;10;Alessandra
2017_03;BF;17.10;Mimosa gracilis;5;Alessandra
2017_03;BF;17.10;Pseudotrimezia juncifolia;10;Alessandra
2017_03;BF;17.10;Turnera incana;10;Alessandra
2017_03;BF;17.2;Croton gracilescens;10;Alessandra
2017_03;BF;17.2;Euphorbia potentilloides;20;Alessandra
2017_03;BF;17.2;Gymneia chapadensis;5;Alessandra
2017_03;BF;17.2;Ichthyothere hirsuta;10;Alessandra
2017_03;BF;17.2;Kielmeyera rubriflora;5;Alessandra
2017_03;BF;17.3;Calliandra dysantha;5;Vagner
2017_03;BF;17.3;Eriope sp;5;Vagner
2017_03;BF;17.3;Gymneia chapadensis;5;Vagner
2017_03;BF;17.3;Heteropterys pannosa;10;Vagner
2017_03;BF;17.3;Ichthyothere hirsuta;5;Vagner
2017_03;BF;17.3;Justicia lanstyakii;10;Vagner
2017_03;BF;17.3;Mimosa macrocephala;5;Vagner
2017_03;BF;17.3;Sisyrinchium luzula;1;Vagner
2017_03;BF;17.4;Aldama grandiflora;10;Vagner
2017_03;BF;17.4;Calliandra dysantha;10;Vagner
2017_03;BF;17.4;Chamaecrista ochrosperma;10;Vagner
2017_03;BF;17.4;Croton gracilescens;10;Vagner
2017_03;BF;17.4;Eriope sp;1;Vagner
2017_03;BF;17.4;Gymneia chapadensis;10;Vagner
2017_03;BF;17.4;Heteropterys pannosa;5;Vagner
2017_03;BF;17.4;Mimosa macrocephala;5;Vagner
2017_03;BF;17.4;Ruellia nitens;20;Vagner
2017_03;BF;17.5;Calliandra dysantha;10;Vagner
2017_03;BF;17.5;Croton gracilescens;10;Vagner
2017_03;BF;17.5;Cuphea hyssopoides;5;Vagner
2017_03;BF;17.5;Eriope sp;10;Vagner
2017_03;BF;17.5;Gymneia chapadensis;10;Vagner
2017_03;BF;17.5;Turnera incana;5;Vagner
2017_03;BF;17.5;Lippia horridula;10;Vagner
2017_03;BF;17.5;Ruellia trachyphylla;30;Vagner
2017_03;BF;17.6;Aldama grandiflora;10;Alessandra
2017_03;BF;17.6;Chamaecrista ochrosperma;30;Alessandra
2017_03;BF;17.6;Croton gracilescens;10;Alessandra
2017_03;BF;17.6;Ipomoea fiebrigii;10;Alessandra
2017_03;BF;17.7;Aldama grandiflora;30;Alessandra
2017_03;BF;17.7;Calliandra dysantha;10;Alessandra
2017_03;BF;17.7;Croton gracilescens;10;Alessandra
2017_03;BF;17.7;Heteropterys pannosa;10;Alessandra
2017_03;BF;17.7;Hyptis remota;5;Alessandra
2017_03;BF;17.8;Aldama grandiflora;30;Vagner
2017_03;BF;17.8;Calliandra dysantha;10;Vagner
2017_03;BF;17.8;Chamaecrista claussenii;5;Vagner
2017_03;BF;17.8;Croton gracilescens;10;Vagner
2017_03;BF;17.8;Gymneia chapadensis;10;Vagner
2017_03;BF;2.1;Calliandra dysantha;5;Alessandra
2017_03;BF;2.1;Chamaecrista claussenii;40;Alessandra
2017_03;BF;2.1;Croton gracilescens;10;Alessandra
2017_03;BF;2.1;Deianira pallescens;5;Alessandra
2017_03;BF;2.1;Eriope sp;5;Alessandra
2017_03;BF;2.1;Hyptis remota;5;Alessandra
2017_03;BF;2.1;Ichthyothere hirsuta;5;Alessandra
2017_03;BF;2.1;Mimosa cavalcantina;1;Alessandra
2017_03;BF;2.1;Oxalis goyazensis;5;Alessandra
2017_03;BF;2.1;Ruellia trachyphylla;20;Alessandra
2017_03;BF;2.10;Lippia horridula;5;Alessandra
2017_03;BF;2.10;Camarea ericoides;5;Alessandra
2017_03;BF;2.10;Croton gracilescens;10;Alessandra
2017_03;BF;2.10;Deianira pallescens;5;Alessandra
2017_03;BF;2.10;Heteropterys pannosa;10;Alessandra
2017_03;BF;2.10;Hyptis remota;10;Alessandra
2017_03;BF;2.10;Mimosa cavalcantina;10;Alessandra
2017_03;BF;2.10;Mimosa gracilis;5;Alessandra
2017_03;BF;2.10;Tibouchina melastomoides;10;Alessandra
2017_03;BF;2.2;Chamaecrista claussenii;40;Alessandra
2017_03;BF;2.2;Chamaecrista ochrosperma;20;Alessandra
2017_03;BF;2.2;Croton gracilescens;10;Alessandra
2017_03;BF;2.2;Heteropterys pannosa;10;Alessandra
2017_03;BF;2.2;Mimosa gracilis;5;Alessandra
2017_03;BF;2.2;Ruellia trachyphylla;10;Alessandra
2017_03;BF;2.3;Chamaecrista ochrosperma;5;Alessandra
2017_03;BF;2.3;Croton gracilescens;10;Alessandra
2017_03;BF;2.3;Eriope sp;5;Alessandra
2017_03;BF;2.3;Gymneia chapadensis;10;Alessandra
2017_03;BF;2.3;Ichthyothere hirsuta;10;Alessandra
2017_03;BF;2.3;Mimosa cavalcantina;10;Alessandra
2017_03;BF;2.3;Mimosa gracilis;10;Alessandra
2017_03;BF;2.3;Ruellia trachyphylla;20;Alessandra
2017_03;BF;2.4;Anemopaegma arvense;5;Alessandra
2017_03;BF;2.4;Bernardia hirsutissima;5;Alessandra
2017_03;BF;2.4;Croton gracilescens;5;Alessandra
2017_03;BF;2.4;Eriope sp;1;Alessandra
2017_03;BF;2.4;Gymneia chapadensis;5;Alessandra
2017_03;BF;2.4;Hyptis remota;10;Alessandra
2017_03;BF;2.4;Distimake ericoides;1;Alessandra
2017_03;BF;2.5;Chamaecrista claussenii;50;Alessandra
2017_03;BF;2.5;Croton gracilescens;5;Alessandra
2017_03;BF;2.5;Euphorbia potentilloides;20;Alessandra
2017_03;BF;2.5;Heteropterys pannosa;10;Alessandra
2017_03;BF;2.5;Ruellia trachyphylla;40;Alessandra
2017_03;BF;2.5;Sisyrinchium luzula;5;Alessandra
2017_03;BF;2.5;Senega poaya;5;Alessandra
2017_03;BF;2.6;Croton gracilescens;10;Alessandra
2017_03;BF;2.6;Cuphea hyssopoides;5;Alessandra
2017_03;BF;2.6;Deianira pallescens;5;Alessandra
2017_03;BF;2.6;Hyptis remota;1;Alessandra
2017_03;BF;2.6;Justicia lanstyakii;5;Alessandra
2017_03;BF;2.6;Mimosa gracilis;5;Alessandra
2017_03;BF;2.6;Ruellia trachyphylla;10;Alessandra
2017_03;BF;2.7;Chamaecrista claussenii;5;Alessandra
2017_03;BF;2.7;Chamaecrista ochrosperma;10;Alessandra
2017_03;BF;2.7;Croton gracilescens;10;Alessandra
2017_03;BF;2.7;Euphorbia potentilloides;10;Alessandra
2017_03;BF;2.7;Senega poaya;1;Alessandra
2017_03;BF;2.8;Croton gracilescens;10;Alessandra
2017_03;BF;2.8;Eriope sp;1;Alessandra
2017_03;BF;2.8;Mimosa gracilis;20;Alessandra
2017_03;BF;2.8;Ruellia trachyphylla;40;Alessandra
2017_03;BF;2.8;Senega abreui;1;Alessandra
2017_03;BF;2.9;Croton gracilescens;5;Alessandra
2017_03;BF;2.9;Eriope sp;10;Alessandra
2017_03;BF;2.9;Mimosa gracilis;20;Alessandra
2017_03;BF;23.1;Aldama grandiflora;20;Alessandra
2017_03;BF;23.1;Ayapana amygdalina;5;Alessandra
2017_03;BF;23.1;Chamaecrista fagonioides;10;Alessandra
2017_03;BF;23.1;Hyptis remota;5;Alessandra
2017_03;BF;23.1;Ichthyothere hirsuta;5;Alessandra
2017_03;BF;23.1;Justicia lanstyakii;20;Alessandra
2017_03;BF;23.1;Mimosa macrocephala;30;Alessandra
2017_03;BF;23.1;Ruellia trachyphylla;30;Alessandra
2017_03;BF;23.10;Aldama grandiflora;20;Alessandra
2017_03;BF;23.10;Chamaecrista fagonioides;5;Alessandra
2017_03;BF;23.10;Croton gracilescens;10;Alessandra
2017_03;BF;23.10;Eriope sp;10;Alessandra
2017_03;BF;23.10;Gymneia chapadensis;5;Alessandra
2017_03;BF;23.10;Hypenia sp;5;Alessandra
2017_03;BF;23.10;Justicia lanstyakii;5;Alessandra
2017_03;BF;23.2;Calliandra dysantha;10;Alessandra
2017_03;BF;23.2;Croton gracilescens;5;Alessandra
2017_03;BF;23.2;Deianira pallescens;20;Alessandra
2017_03;BF;23.2;Eriope sp;1;Alessandra
2017_03;BF;23.2;Hypenia sp;1;Alessandra
2017_03;BF;23.2;Hyptis remota;5;Alessandra
2017_03;BF;23.2;Tibouchina melastomoides;10;Alessandra
2017_03;BF;23.3;Aldama grandiflora;10;Alessandra
2017_03;BF;23.3;Calliandra dysantha;5;Alessandra
2017_03;BF;23.3;Cipura xanthomelas;5;Alessandra
2017_03;BF;23.3;Croton gracilescens;10;Alessandra
2017_03;BF;23.3;Euphorbia potentilloides;5;Alessandra
2017_03;BF;23.3;Heteropterys pannosa;10;Alessandra
2017_03;BF;23.3;Ichthyothere hirsuta;5;Alessandra
2017_03;BF;23.3;Medusantha mollissima;5;Alessandra
2017_03;BF;23.3;Oxalis goyazensis;20;Alessandra
2017_03;BF;23.4;Aldama grandiflora;10;Alessandra
2017_03;BF;23.4;Bernardia hirsutissima;10;Alessandra
2017_03;BF;23.4;Chamaecrista claussenii;20;Alessandra
2017_03;BF;23.4;Croton gracilescens;10;Alessandra
2017_03;BF;23.4;Euphorbia potentilloides;20;Alessandra
2017_03;BF;23.4;Gymneia chapadensis;5;Alessandra
2017_03;BF;23.4;Hyptis remota;5;Alessandra
2017_03;BF;23.4;Ichthyothere hirsuta;5;Alessandra
2017_03;BF;23.4;Justicia lanstyakii;10;Alessandra
2017_03;BF;23.4;Chrysolaena simplex;10;Alessandra
2017_03;BF;23.4;Tibouchina melastomoides;5;Alessandra
2017_03;BF;23.4;Lippia horridula;5;Alessandra
2017_03;BF;23.5;Croton gracilescens;20;Alessandra
2017_03;BF;23.5;Cuphea hyssopoides;10;Alessandra
2017_03;BF;23.5;Eriope sp;1;Alessandra
2017_03;BF;23.5;Euphorbia potentilloides;1;Alessandra
2017_03;BF;23.5;Hyptis remota;10;Alessandra
2017_03;BF;23.5;Ichthyothere hirsuta;10;Alessandra
2017_03;BF;23.5;Medusantha mollissima;5;Alessandra
2017_03;BF;23.6;Aldama grandiflora;10;Alessandra
2017_03;BF;23.6;Calliandra dysantha;10;Alessandra
2017_03;BF;23.6;Chamaecrista claussenii;20;Alessandra
2017_03;BF;23.6;Croton gracilescens;10;Alessandra
2017_03;BF;23.6;Euphorbia potentilloides;5;Alessandra
2017_03;BF;23.6;Mimosa gracilis;20;Alessandra
2017_03;BF;23.6;Tibouchina melastomoides;5;Alessandra
2017_03;BF;23.7;Calliandra dysantha;30;Alessandra
2017_03;BF;23.7;Croton gracilescens;20;Alessandra
2017_03;BF;23.7;Heteropterys pannosa;5;Alessandra
2017_03;BF;23.7;Ichthyothere hirsuta;5;Alessandra
2017_03;BF;23.7;Mimosa gracilis;20;Alessandra
2017_03;BF;23.7;Oxalis goyazensis;10;Alessandra
2017_03;BF;23.8;Aldama grandiflora;20;Alessandra
2017_03;BF;23.8;Bernardia hirsutissima;10;Alessandra
2017_03;BF;23.8;Calliandra dysantha;5;Alessandra
2017_03;BF;23.8;Chamaecrista claussenii;10;Alessandra
2017_03;BF;23.8;Croton gracilescens;10;Alessandra
2017_03;BF;23.8;Cuphea hyssopoides;5;Alessandra
2017_03;BF;23.8;Heteropterys pannosa;10;Alessandra
2017_03;BF;23.8;Ruellia nitens;20;Alessandra
2017_03;BF;23.9;Bernardia hirsutissima;5;Alessandra
2017_03;BF;23.9;Chamaecrista claussenii;10;Alessandra
2017_03;BF;23.9;Croton gracilescens;10;Alessandra
2017_03;BF;23.9;Deianira pallescens;5;Alessandra
2017_03;BF;23.9;Hyptis remota;10;Alessandra
2017_03;BF;23.9;Mimosa gracilis;10;Alessandra
2017_03;BF;23.9;Ruellia nitens;20;Alessandra
2017_03;FE;6.1;Croton gracilescens;10;Vagner
2017_03;FE;6.1;Eriope sp;1;Vagner
2017_03;FE;6.1;Hemipogon acerosus;5;Vagner
2017_03;FE;6.1;Heteropterys pannosa;10;Vagner
2017_03;FE;6.1;Hypenia sp;10;Vagner
2017_03;FE;6.1;Ruellia trachyphylla;5;Vagner
2017_03;FE;6.10;Chamaecrista ochrosperma;10;Vagner
2017_03;FE;6.10;Croton gracilescens;10;Vagner
2017_03;FE;6.10;Ctenodon paniculatus;5;Vagner
2017_03;FE;6.10;Heteropterys pannosa;10;Vagner
2017_03;FE;6.10;Hyptis remota;10;Vagner
2017_03;FE;6.10;Ruellia trachyphylla;20;Vagner
2017_03;FE;6.10;Tibouchina melastomoides;10;Vagner
2017_03;FE;6.2;Croton gracilescens;5;Vagner
2017_03;FE;6.2;Eriope sp;1;Vagner
2017_03;FE;6.2;Euphorbia potentilloides ;5;Vagner
2017_03;FE;6.2;Gymneia chapadensis;10;Vagner
2017_03;FE;6.2;Prestonia quinquangularis;20;Vagner
2017_03;FE;6.2;Ruellia trachyphylla;10;Vagner
2017_03;FE;6.3;Chamaecrista claussenii;10;Vagner
2017_03;FE;6.3;Croton gracilescens;10;Vagner
2017_03;FE;6.3;Cuphea hyssopoides;10;Vagner
2017_03;FE;6.3;Gymneia chapadensis;5;Vagner
2017_03;FE;6.3;Kielmeyera rubriflora;10;Vagner
2017_03;FE;6.3;Manihot kalungae;1;Vagner
2017_03;FE;6.4;Anemopaegma arvense;5;Vagner
2017_03;FE;6.4;Chamaecrista claussenii;10;Vagner
2017_03;FE;6.4;Croton gracilescens;10;Vagner
2017_03;FE;6.4;Eriope sp;1;Vagner
2017_03;FE;6.4;Gymneia chapadensis;10;Vagner
2017_03;FE;6.4;Heteropterys pannosa;5;Vagner
2017_03;FE;6.4;Medusantha mollissima;10;Vagner
2017_03;FE;6.4;Mimosa gracilis;1;Vagner
2017_03;FE;6.4;Ruellia trachyphylla;10;Vagner
2017_03;FE;6.5;Croton gracilescens;10;Vagner
2017_03;FE;6.5;Eriope sp;1;Vagner
2017_03;FE;6.5;Gymneia chapadensis;5;Vagner
2017_03;FE;6.5;Mimosa gracilis;5;Vagner
2017_03;FE;6.6;Croton gracilescens;1;Vagner
2017_03;FE;6.6;Gymneia chapadensis;10;Vagner
2017_03;FE;6.6;Heteropterys pannosa;20;Vagner
2017_03;FE;6.6;Medusantha mollissima;10;Vagner
2017_03;FE;6.6;Mimosa gracilis;5;Vagner
2017_03;FE;6.7;Croton gracilescens;1;Vagner
2017_03;FE;6.7;Ichthyothere hirsuta;1;Vagner
2017_03;FE;6.7;Mimosa gracilis;1;Vagner
2017_03;FE;6.7;Mimosa longipes;5;Vagner
2017_03;FE;6.8;Calliandra dysantha;10;Vagner
2017_03;FE;6.8;Croton gracilescens;1;Vagner
2017_03;FE;6.8;Gymneia chapadensis;10;Vagner
2017_03;FE;6.8;Medusantha mollissima;5;Vagner
2017_03;FE;6.8;Mimosa gracilis;1;Vagner
2017_03;FE;6.8;Pseudotrimezia juncifolia;5;Vagner
2017_03;FE;6.8;Ruellia trachyphylla;5;Vagner
2017_03;FE;6.9;Croton gracilescens;10;Vagner
2017_03;FE;6.9;Gymneia chapadensis;5;Vagner
2017_03;FE;6.9;Hypenia sp;10;Vagner
2017_03;FE;6.9;Manihot kalungae;5;Vagner
2017_03;FE;6.9;Mimosa gracilis;5;Vagner
2017_03;FE;6.9;Ruellia trachyphylla;20;Vagner
2018_01;BF;10.1;Bernardia hirsutissima;5;Vagner
2018_01;BF;10.1;Croton gracilescens;10;Vagner
2018_01;BF;10.1;Eriope sp;5;Vagner
2018_01;BF;10.1;Hyptis remota;5;Vagner
2018_01;BF;10.1;Ipomoea paulistana;5;Vagner
2018_01;BF;10.1;Medusantha mollissima;5;Vagner
2018_01;BF;10.1;Ruellia trachyphylla;10;Vagner
2018_01;BF;10.1;Pseudotrimezia juncifolia;10;Vagner
2018_01;BF;10.10;Aldama grandiflora;30;Vagner
2018_01;BF;10.10;Chamaecrista claussenii;40;Vagner
2018_01;BF;10.10;Chamaecrista isidorea;20;Vagner
2018_01;BF;10.10;Croton gracilescens;10;Vagner
2018_01;BF;10.10;Hyptis remota;10;Vagner
2018_01;BF;10.10;Senega poaya;10;Vagner
2018_01;BF;10.2;Croton gracilescens;5;Vagner
2018_01;BF;10.2;Eriope sp;10;Vagner
2018_01;BF;10.2;Medusantha mollissima;1;Vagner
2018_01;BF;10.2;Ruellia trachyphylla;20;Vagner
2018_01;BF;10.3;Lippia horridula;5;Vagner
2018_01;BF;10.3;Croton gracilescens;10;Vagner
2018_01;BF;10.3;Euphorbia potentilloides;5;Vagner
2018_01;BF;10.3;Gymneia chapadensis;10;Vagner
2018_01;BF;10.3;Hyptis remota;1;Vagner
2018_01;BF;10.3;Kielmeyera rubriflora;10;Vagner
2018_01;BF;10.3;Mimosa cavalcantina;1;Vagner
2018_01;BF;10.3;Mimosa gracilis;5;Vagner
2018_01;BF;10.3;Senega poaya;5;Vagner
2018_01;BF;10.4;Lippia horridula;5;Vagner
2018_01;BF;10.4;Bernardia hirsutissima;10;Vagner
2018_01;BF;10.4;Chamaecrista claussenii;10;Vagner
2018_01;BF;10.4;Croton gracilescens;10;Vagner
2018_01;BF;10.4;Eriope sp;10;Vagner
2018_01;BF;10.4;Euphorbia potentilloides;10;Vagner
2018_01;BF;10.4;Gymneia chapadensis;10;Vagner
2018_01;BF;10.4;Heteropterys pannosa;20;Vagner
2018_01;BF;10.4;Medusantha mollissima;10;Vagner
2018_01;BF;10.4;Ruellia trachyphylla;30;Vagner
2018_01;BF;10.5;Chamaecrista ochrosperma;30;Vagner
2018_01;BF;10.5;Croton gracilescens;10;Vagner
2018_01;BF;10.5;Cuphea hyssopoides;10;Vagner
2018_01;BF;10.5;Eriope sp;5;Vagner
2018_01;BF;10.6;Bernardia hirsutissima;10;Vagner
2018_01;BF;10.6;Chamaecrista claussenii;40;Vagner
2018_01;BF;10.6;Croton gracilescens;10;Vagner
2018_01;BF;10.6;Cuphea hyssopoides;20;Vagner
2018_01;BF;10.6;Eriope sp;1;Vagner
2018_01;BF;10.6;Gymneia chapadensis;10;Vagner
2018_01;BF;10.6;Hemipogon acerosus;20;Vagner
2018_01;BF;10.6;Medusantha mollissima;10;Vagner
2018_01;BF;10.7;Bernardia hirsutissima;20;Vagner
2018_01;BF;10.7;Croton gracilescens;20;Vagner
2018_01;BF;10.7;Diplusodon paraisoensis;10;Vagner
2018_01;BF;10.7;Eriope sp;5;Vagner
2018_01;BF;10.7;Hemipogon acerosus;10;Vagner
2018_01;BF;10.7;Ipomoea paulistana;5;Vagner
2018_01;BF;10.7;Ruellia nitens;20;Vagner
2018_01;BF;10.8;Bernardia hirsutissima;10;Vagner
2018_01;BF;10.8;Chamaecrista claussenii;50;Vagner
2018_01;BF;10.8;Croton gracilescens;10;Vagner
2018_01;BF;10.8;Cuphea hyssopoides;10;Vagner
2018_01;BF;10.8;Eriope sp;1;Vagner
2018_01;BF;10.8;Hyptis remota;10;Vagner
2018_01;BF;10.8;Oxalis goyazensis;20;Vagner
2018_01;BF;10.8;Ruellia nitens;30;Vagner
2018_01;BF;10.9;Hemipogon acerosus;10;Vagner
2018_01;BF;10.9;Hyptis remota;10;Vagner
2018_01;BF;10.9;Mimosa cavalcantina;1;Vagner
2018_01;BF;10.9;Mimosa gracilis;5;Vagner
2018_01;BF;10.9;Ruellia nitens;20;Vagner
2018_01;FE;12.1;Chamaecrista claussenii;30;Helo
2018_01;FE;12.1;Croton gracilescens;20;Helo
2018_01;FE;12.1;Eriosema congestum;30;Helo
2018_01;FE;12.1;Gymneia chapadensis;20;Helo
2018_01;FE;12.1;Hemipogon acerosus;1;Helo
2018_01;FE;12.1;Kielmeyera rubriflora;20;Helo
2018_01;FE;12.1;Medusantha mollissima;20;Helo
2018_01;FE;12.10;Croton gracilescens;20;Helo
2018_01;FE;12.10;Gymneia chapadensis;10;Helo
2018_01;FE;12.2;Croton gracilescens;10;Helo
2018_01;FE;12.2;Gymneia chapadensis;10;Helo
2018_01;FE;12.2;Medusantha mollissima;10;Helo
2018_01;FE;12.3;Croton gracilescens;10;Helo
2018_01;FE;12.3;Dalechampia linearis;30;Helo
2018_01;FE;12.3;Distimake ericoides;40;Helo
2018_01;FE;12.3;Eriope sp;5;Helo
2018_01;FE;12.3;Kielmeyera rubriflora;40;Helo
2018_01;FE;12.3;Lippia horridula;5;Helo
2018_01;FE;12.4;Anemopaegma arvense;10;Helo
2018_01;FE;12.4;Croton gracilescens;10;Helo
2018_01;FE;12.4;Eriope sp;1;Helo
2018_01;FE;12.4;Euphorbia potentilloides ;1;Helo
2018_01;FE;12.4;Galactia sp;20;Helo
2018_01;FE;12.4;Gymneia chapadensis;10;Helo
2018_01;FE;12.4;Heteropterys pannosa;20;Helo
2018_01;FE;12.4;Hyptis remota;5;Helo
2018_01;FE;12.4;Ichthyothere hirsuta;10;Helo
2018_01;FE;12.4;Justicia lanstyakii;10;Helo
2018_01;FE;12.4;Medusantha mollissima;10;Helo
2018_01;FE;12.4;Mimosa gracilis;10;Helo
2018_01;FE;12.5;Chamaecrista claussenii;30;Helo
2018_01;FE;12.5;Croton gracilescens;10;Helo
2018_01;FE;12.5;Cuphea hyssopoides;10;Helo
2018_01;FE;12.5;Eriope sp;5;Helo
2018_01;FE;12.5;Gymneia chapadensis;20;Helo
2018_01;FE;12.5;Hemipogon acerosus;5;Helo
2018_01;FE;12.5;Manihot kalungae;10;Helo
2018_01;FE;12.5;Medusantha mollissima;10;Helo
2018_01;FE;12.5;Ruellia trachyphylla;20;Helo
2018_01;FE;12.5;Ruellia nitens;5;Helo
2018_01;FE;12.6;Aldama grandiflora;10;Helo
2018_01;FE;12.6;Chamaecrista claussenii;20;Helo
2018_01;FE;12.6;Chamaecrista isidorea;20;Helo
2018_01;FE;12.6;Croton gracilescens;10;Helo
2018_01;FE;12.6;Eriope sp;10;Helo
2018_01;FE;12.6;Galactia sp;20;Helo
2018_01;FE;12.6;Hyptis remota;10;Helo
2018_01;FE;12.6;Kielmeyera rubriflora;20;Helo
2018_01;FE;12.6;Mimosa gracilis;10;Helo
2018_01;FE;12.6;Ruellia trachyphylla;10;Helo
2018_01;FE;12.7;Chamaecrista isidorea;20;Helo
2018_01;FE;12.7;Croton gracilescens;10;Helo
2018_01;FE;12.7;Eriope sp;10;Helo
2018_01;FE;12.7;Hypenia sp;20;Helo
2018_01;FE;12.7;Ipomoea paulistana;5;Helo
2018_01;FE;12.7;Kielmeyera rubriflora;10;Helo
2018_01;FE;12.7;Manihot kalungae;10;Helo
2018_01;FE;12.7;Mimosa gracilis;10;Helo
2018_01;FE;12.7;Porophyllum obscurum;10;Helo
2018_01;FE;12.7;Trixis glutinosa;10;Helo
2018_01;FE;12.8;Cipura xanthomelas;20;Helo
2018_01;FE;12.8;Croton gracilescens;10;Helo
2018_01;FE;12.8;Sabicea brasiliensis;10;Helo
2018_01;FE;12.8;Euphorbia potentilloides ;20;Helo
2018_01;FE;12.8;Gymneia chapadensis;10;Helo
2018_01;FE;12.8;Ichthyothere hirsuta;20;Helo
2018_01;FE;12.8;Lippia horridula;10;Helo
2018_01;FE;12.8;Medusantha mollissima;5;Helo
2018_01;FE;12.9;Chamaecrista claussenii;40;Helo
2018_01;FE;12.9;Croton gracilescens;30;Helo
2018_01;FE;12.9;Eriope sp;10;Helo
2018_01;FE;12.9;Eriosema congestum;20;Helo
2018_01;FE;12.9;Gymneia chapadensis;10;Helo
2018_01;FE;12.9;Heteropterys pannosa;20;Helo
2018_01;FE;12.9;Ipomoea paulistana;10;Helo
2018_01;FE;12.9;Kielmeyera rubriflora;40;Helo
2018_01;FE;12.9;Manihot kalungae;20;Helo
2018_01;FE;13.1;Chamaecrista claussenii;20;Vagner
2018_01;FE;13.1;Croton gracilescens;10;Vagner
2018_01;FE;13.1;Deianira pallescens;1;Vagner
2018_01;FE;13.1;Euphorbia potentilloides ;10;Vagner
2018_01;FE;13.1;Gomphrena sp;5;Vagner
2018_01;FE;13.1;Gymneia chapadensis;10;Vagner
2018_01;FE;13.1;Ichthyothere hirsuta;10;Vagner
2018_01;FE;13.1;Ruellia trachyphylla;10;Vagner
2018_01;FE;13.10;Ancistrotropis firmula;60;Vagner
2018_01;FE;13.10;Cipura xanthomelas;10;Vagner
2018_01;FE;13.10;Croton gracilescens;10;Vagner
2018_01;FE;13.10;Cuphea hyssopoides;5;Vagner
2018_01;FE;13.10;Eriope sp;5;Vagner
2018_01;FE;13.10;Eriosema congestum;10;Vagner
2018_01;FE;13.10;Hyptis remota;10;Vagner
2018_01;FE;13.10;Mimosa cavalcantina;10;Vagner
2018_01;FE;13.10;Mimosa gracilis;20;Vagner
2018_01;FE;13.2;Croton gracilescens;10;Vagner
2018_01;FE;13.2;Dalechampia linearis;20;Vagner
2018_01;FE;13.2;Declieuxia lancifolia;1;Vagner
2018_01;FE;13.2;Eriope sp;5;Vagner
2018_01;FE;13.2;Gymneia chapadensis;10;Vagner
2018_01;FE;13.2;Heteropterys pannosa;10;Vagner
2018_01;FE;13.2;Ipomoea paulistana;10;Vagner
2018_01;FE;13.2;Mimosa cavalcantina;20;Vagner
2018_01;FE;13.2;Mimosa gracilis;5;Vagner
2018_01;FE;13.3;Ancistrotropis firmula;10;Vagner
2018_01;FE;13.3;Croton gracilescens;20;Vagner
2018_01;FE;13.3;Eriope sp;10;Vagner
2018_01;FE;13.3;Eriosema congestum;30;Vagner
2018_01;FE;13.3;Euphorbia potentilloides ;10;Vagner
2018_01;FE;13.3;Ichthyothere hirsuta;10;Vagner
2018_01;FE;13.4;Chamaecrista claussenii;10;Vagner
2018_01;FE;13.4;Croton gracilescens;20;Vagner
2018_01;FE;13.4;Diplusodon paraisoensis;5;Vagner
2018_01;FE;13.4;Eriope sp;5;Vagner
2018_01;FE;13.4;Eriosema congestum;40;Vagner
2018_01;FE;13.4;Euphorbia potentilloides ;10;Vagner
2018_01;FE;13.4;Gymneia chapadensis;5;Vagner
2018_01;FE;13.4;Ichthyothere hirsuta;10;Vagner
2018_01;FE;13.4;Pseudotrimezia juncifolia;10;Vagner
2018_01;FE;13.5;Ancistrotropis firmula;30;Vagner
2018_01;FE;13.5;Croton gracilescens;5;Vagner
2018_01;FE;13.5;Eriope sp;5;Vagner
2018_01;FE;13.5;Gymneia chapadensis;5;Vagner
2018_01;FE;13.6;Croton gracilescens;10;Vagner
2018_01;FE;13.6;Eriope sp;5;Vagner
2018_01;FE;13.6;Euphorbia potentilloides ;10;Vagner
2018_01;FE;13.6;Gymneia chapadensis;5;Vagner
2018_01;FE;13.6;Ipomoea paulistana;10;Vagner
2018_01;FE;13.7;Chamaecrista claussenii;30;Vagner
2018_01;FE;13.7;Croton gracilescens;20;Vagner
2018_01;FE;13.7;Declieuxia lancifolia;10;Vagner
2018_01;FE;13.7;Eriope sp;5;Vagner
2018_01;FE;13.7;Euphorbia potentilloides ;20;Vagner
2018_01;FE;13.7;Gymneia chapadensis;10;Vagner
2018_01;FE;13.7;Heteropterys pannosa;10;Vagner
2018_01;FE;13.7;Mimosa gracilis;10;Vagner
2018_01;FE;13.7;Pseudotrimezia juncifolia;10;Vagner
2018_01;FE;13.8;Croton gracilescens;10;Vagner
2018_01;FE;13.8;Eriope sp;5;Vagner
2018_01;FE;13.8;Euphorbia potentilloides ;20;Vagner
2018_01;FE;13.8;Galactia sp;20;Vagner
2018_01;FE;13.8;Gymneia chapadensis;5;Vagner
2018_01;FE;13.8;Ipomoea paulistana;5;Vagner
2018_01;FE;13.8;Kielmeyera rubriflora;5;Vagner
2018_01;FE;13.9;Camarea ericoides;10;Vagner
2018_01;FE;13.9;Croton gracilescens;20;Vagner
2018_01;FE;13.9;Dalechampia linearis;20;Vagner
2018_01;FE;13.9;Eriope sp;1;Vagner
2018_01;FE;13.9;Euphorbia potentilloides ;30;Vagner
2018_01;FE;13.9;Heteropterys pannosa;30;Vagner
2018_01;FE;13.9;Hyptis remota;10;Vagner
2018_01;BF;17.1;Chamaecrista fagonioides;30;Vagner
2018_01;BF;17.1;Croton gracilescens;30;Vagner
2018_01;BF;17.1;Gymneia chapadensis;20;Vagner
2018_01;BF;17.1;Heteropterys pannosa;20;Vagner
2018_01;BF;17.1;Ipomoea fiebrigii;30;Vagner
2018_01;BF;17.1;Medusantha mollissima;5;Vagner
2018_01;BF;17.1;Ruellia nitens;10;Vagner
2018_01;BF;17.1;Senega longicaulis;10;Vagner
2018_01;BF;17.10;Bernardia hirsutissima;30;Vagner
2018_01;BF;17.10;Ctenodon paniculatus;20;Vagner
2018_01;BF;17.10;Bernardia hirsutissima;20;Vagner
2018_01;BF;17.10;Chamaecrista claussenii;30;Vagner
2018_01;BF;17.10;Chamaecrista ochrosperma;20;Vagner
2018_01;BF;17.10;Cuphea hyssopoides;10;Vagner
2018_01;BF;17.10;Gymneia chapadensis;10;Vagner
2018_01;BF;17.10;Heteropterys pannosa;20;Vagner
2018_01;BF;17.10;Mimosa gracilis;30;Vagner
2018_01;BF;17.2;Aldama grandiflora;20;Vagner
2018_01;BF;17.2;Calliandra dysantha;20;Vagner
2018_01;BF;17.2;Croton gracilescens;20;Vagner
2018_01;BF;17.2;Euphorbia potentilloides;30;Vagner
2018_01;BF;17.2;Gymneia chapadensis;20;Vagner
2018_01;BF;17.2;Heteropterys pannosa;10;Vagner
2018_01;BF;17.2;Hyptis remota;20;Vagner
2018_01;BF;17.2;Ichthyothere hirsuta;10;Vagner
2018_01;BF;17.3;Desmodium platycarpum;30;Helo
2018_01;BF;17.3;Eriope sp;10;Helo
2018_01;BF;17.3;Gymneia chapadensis;5;Helo
2018_01;BF;17.3;Mimosa cavalcantina;10;Helo
2018_01;BF;17.4;Aldama grandiflora;30;Helo
2018_01;BF;17.4;Calliandra dysantha;10;Helo
2018_01;BF;17.4;Chamaecrista ochrosperma;20;Helo
2018_01;BF;17.4;Croton gracilescens;30;Helo
2018_01;BF;17.4;Eriope sp;10;Helo
2018_01;BF;17.4;Gymneia chapadensis;30;Helo
2018_01;BF;17.4;Heteropterys pannosa;20;Helo
2018_01;BF;17.4;Mimosa macrocephala;20;Helo
2018_01;BF;17.5;Ctenodon paniculatus;10;Vagner
2018_01;BF;17.5;Aldama grandiflora;10;Vagner
2018_01;BF;17.5;Calliandra dysantha;30;Vagner
2018_01;BF;17.5;Croton gracilescens;30;Vagner
2018_01;BF;17.5;Cuphea hyssopoides;10;Vagner
2018_01;BF;17.5;Eriope sp;20;Vagner
2018_01;BF;17.5;Gymneia chapadensis;10;Vagner
2018_01;BF;17.5;Heteropterys pannosa;10;Vagner
2018_01;BF;17.5;Hyptis remota;5;Vagner
2018_01;BF;17.5;Ruellia trachyphylla;20;Vagner
2018_01;BF;17.5;Lippia horridula;20;Vagner
2018_01;BF;17.5;Gomphrena sp;20;Vagner
2018_01;BF;17.6;Aldama grandiflora;30;Vagner
2018_01;BF;17.6;Calliandra dysantha;1;Vagner
2018_01;BF;17.6;Chamaecrista ochrosperma;50;Vagner
2018_01;BF;17.6;Croton gracilescens;40;Vagner
2018_01;BF;17.6;Heteropterys pannosa;10;Vagner
2018_01;BF;17.6;Lippia horridula;5;Vagner
2018_01;BF;17.6;Gomphrena sp;10;Vagner
2018_01;BF;17.7;Aldama grandiflora;40;Vagner
2018_01;BF;17.7;Calliandra dysantha;20;Vagner
2018_01;BF;17.7;Croton gracilescens;20;Vagner
2018_01;BF;17.7;Eriope sp;10;Vagner
2018_01;BF;17.7;Heteropterys pannosa;10;Vagner
2018_01;BF;17.8;Aldama grandiflora;20;Vagner
2018_01;BF;17.8;Croton gracilescens;10;Vagner
2018_01;BF;17.8;Gymneia chapadensis;20;Vagner
2018_01;BF;17.8;Ruellia nitens;30;Vagner
2018_01;BF;17.9;Ctenodon paniculatus;20;Vagner
2018_01;BF;17.9;Chamaecrista ochrosperma;30;Vagner
2018_01;BF;17.9;Croton gracilescens;30;Vagner
2018_01;BF;17.9;Heteropterys pannosa;20;Vagner
2018_01;BF;17.9;Ruellia trachyphylla;30;Vagner
2018_01;BF;2.1;Lippia horridula;10;Vagner
2018_01;BF;2.1;Calliandra dysantha;10;Vagner
2018_01;BF;2.1;Calolisianthus speciosus;10;Vagner
2018_01;BF;2.1;Croton gracilescens;20;Vagner
2018_01;BF;2.1;Eriope sp;5;Vagner
2018_01;BF;2.1;Hemipogon acerosus;10;Vagner
2018_01;BF;2.1;Hyptis remota;10;Vagner
2018_01;BF;2.1;Ichthyothere hirsuta;10;Vagner
2018_01;BF;2.1;Oxalis goyazensis;5;Vagner
2018_01;BF;2.1;Ruellia trachyphylla;30;Vagner
2018_01;BF;2.10;Lippia horridula;5;Vagner
2018_01;BF;2.10;Calolisianthus speciosus;10;Vagner
2018_01;BF;2.10;Croton gracilescens;30;Vagner
2018_01;BF;2.10;Crumenaria choretroides;5;Vagner
2018_01;BF;2.10;Cuphea hyssopoides;5;Vagner
2018_01;BF;2.10;Eriosema congestum;10;Vagner
2018_01;BF;2.10;Hyptis remota;10;Vagner
2018_01;BF;2.10;Mimosa cavalcantina;5;Vagner
2018_01;BF;2.10;Mimosa gracilis;10;Vagner
2018_01;BF;2.10;Tibouchina melastomoides;5;Vagner
2018_01;BF;2.2;Chamaecrista claussenii;40;Vagner
2018_01;BF;2.2;Chamaecrista ochrosperma;20;Vagner
2018_01;BF;2.2;Croton gracilescens;20;Vagner
2018_01;BF;2.2;Euphorbia potentilloides;5;Vagner
2018_01;BF;2.2;Manihot kalungae;10;Vagner
2018_01;BF;2.2;Mimosa gracilis;5;Vagner
2018_01;BF;2.3;Ctenodon paniculatus;10;Vagner
2018_01;BF;2.3;Anemopaegma arvense;10;Vagner
2018_01;BF;2.3;Croton gracilescens;20;Vagner
2018_01;BF;2.3;Eriope sp;5;Vagner
2018_01;BF;2.3;Euphorbia potentilloides;5;Vagner
2018_01;BF;2.3;Gymneia chapadensis;5;Vagner
2018_01;BF;2.3;Mimosa gracilis;10;Vagner
2018_01;BF;2.3;Ruellia trachyphylla;30;Vagner
2018_01;BF;2.4;Anemopaegma arvense;10;Vagner
2018_01;BF;2.4;Bernardia hirsutissima;5;Vagner
2018_01;BF;2.4;Croton gracilescens;20;Vagner
2018_01;BF;2.4;Eriope sp;5;Vagner
2018_01;BF;2.4;Euphorbia potentilloides;10;Vagner
2018_01;BF;2.4;Gymneia chapadensis;20;Vagner
2018_01;BF;2.4;Hyptis remota;10;Vagner
2018_01;BF;2.5;Bernardia hirsutissima;5;Vagner
2018_01;BF;2.5;Chamaecrista claussenii;50;Vagner
2018_01;BF;2.5;Croton gracilescens;10;Vagner
2018_01;BF;2.5;Cuphea hyssopoides;5;Vagner
2018_01;BF;2.5;Eriosema congestum;20;Vagner
2018_01;BF;2.5;Euphorbia potentilloides;10;Vagner
2018_01;BF;2.5;Heteropterys pannosa;10;Vagner
2018_01;BF;2.5;Ruellia trachyphylla;40;Vagner
2018_01;BF;2.5;Sisyrinchium luzula;10;Vagner
2018_01;BF;2.5;Tibouchina melastomoides;10;Vagner
2018_01;BF;2.6;Chamaecrista ochrosperma;10;Vagner
2018_01;BF;2.6;Croton gracilescens;20;Vagner
2018_01;BF;2.6;Hyptis remota;5;Vagner
2018_01;BF;2.6;Ruellia trachyphylla;10;Vagner
2018_01;BF;2.6;Mimosa gracilis;5;Vagner
2018_01;BF;2.7;Chamaecrista ochrosperma;20;Vagner
2018_01;BF;2.7;Croton gracilescens;20;Vagner
2018_01;BF;2.7;Eriope sp;10;Vagner
2018_01;BF;2.7;Hyptis remota;1;Vagner
2018_01;BF;2.7;Ipomoea paulistana;1;Vagner
2018_01;BF;2.8;Bernardia hirsutissima;5;Vagner
2018_01;BF;2.8;Croton gracilescens;20;Vagner
2018_01;BF;2.8;Eriope sp;5;Vagner
2018_01;BF;2.8;Hyptis remota;5;Vagner
2018_01;BF;2.8;Mimosa gracilis;20;Vagner
2018_01;BF;2.8;Ruellia trachyphylla;30;Vagner
2018_01;BF;2.9;Lippia horridula;5;Vagner
2018_01;BF;2.9;Chamaecrista claussenii;1;Vagner
2018_01;BF;2.9;Croton gracilescens;20;Vagner
2018_01;BF;2.9;Eriope sp;5;Vagner
2018_01;BF;2.9;Mimosa gracilis;10;Vagner
2018_01;BF;23.1;Aldama grandiflora;20;Helo
2018_01;BF;23.1;Bernardia hirsutissima;10;Helo
2018_01;BF;23.1;Croton gracilescens;20;Helo
2018_01;BF;23.1;Eriosema congestum;30;Helo
2018_01;BF;23.1;Euphorbia potentilloides;30;Helo
2018_01;BF;23.1;Hyptis remota;20;Helo
2018_01;BF;23.1;Ichthyothere hirsuta;10;Helo
2018_01;BF;23.1;Justicia lanstyakii;20;Helo
2018_01;BF;23.1;Lippia horridula;1;Helo
2018_01;BF;23.1;Ruellia trachyphylla;40;Helo
2018_01;BF;23.10;Aldama grandiflora;20;Helo
2018_01;BF;23.10;Chamaecrista isidorea;10;Helo
2018_01;BF;23.10;Croton gracilescens;30;Helo
2018_01;BF;23.10;Eriope sp;10;Helo
2018_01;BF;23.10;Euphorbia potentilloides;20;Helo
2018_01;BF;23.10;Gymneia chapadensis;1;Helo
2018_01;BF;23.10;Heteropterys pannosa;20;Helo
2018_01;BF;23.2;Aldama grandiflora;20;Helo
2018_01;BF;23.2;Calliandra dysantha;20;Helo
2018_01;BF;23.2;Calolisianthus speciosus;20;Helo
2018_01;BF;23.2;Croton gracilescens;30;Helo
2018_01;BF;23.2;Eriope sp;10;Helo
2018_01;BF;23.2;Hyptis remota;30;Helo
2018_01;BF;23.2;Medusantha mollissima;20;Helo
2018_01;BF;23.2;Ruellia nitens;20;Helo
2018_01;BF;23.2;Tibouchina melastomoides;10;Helo
2018_01;BF;23.3;Ctenodon paniculatus;20;Helo
2018_01;BF;23.3;Chamaecrista claussenii;40;Helo
2018_01;BF;23.3;Croton gracilescens;30;Helo
2018_01;BF;23.3;Cuphea hyssopoides;20;Helo
2018_01;BF;23.3;Eriope sp;10;Helo
2018_01;BF;23.3;Euphorbia potentilloides;10;Helo
2018_01;BF;23.3;Gymneia chapadensis;10;Helo
2018_01;BF;23.3;Ichthyothere hirsuta;10;Helo
2018_01;BF;23.3;Medusantha mollissima;20;Helo
2018_01;BF;23.3;Oxalis goyazensis;40;Helo
2018_01;BF;23.4;Bernardia hirsutissima;20;Helo
2018_01;BF;23.4;Chamaecrista ochrosperma;10;Helo
2018_01;BF;23.4;Croton gracilescens;20;Helo
2018_01;BF;23.4;Eriope sp;1;Helo
2018_01;BF;23.4;Euphorbia potentilloides;30;Helo
2018_01;BF;23.4;Gymneia chapadensis;20;Helo
2018_01;BF;23.4;Hyptis remota;30;Helo
2018_01;BF;23.4;Chrysolaena simplex;10;Helo
2018_01;BF;23.4;Tibouchina melastomoides;10;Helo
2018_01;BF;23.5;Chamaecrista claussenii;10;Helo
2018_01;BF;23.5;Croton gracilescens;20;Helo
2018_01;BF;23.5;Eriope sp;30;Helo
2018_01;BF;23.5;Euphorbia potentilloides;10;Helo
2018_01;BF;23.5;Hyptis remota;5;Helo
2018_01;BF;23.5;Ichthyothere hirsuta;10;Helo
2018_01;BF;23.5;Medusantha mollissima;10;Helo
2018_01;BF;23.6;Calliandra dysantha;30;Helo
2018_01;BF;23.6;Chamaecrista ochrosperma;40;Helo
2018_01;BF;23.6;Croton gracilescens;20;Helo
2018_01;BF;23.6;Euphorbia potentilloides;20;Helo
2018_01;BF;23.6;Ichthyothere hirsuta;1;Helo
2018_01;BF;23.6;Manihot kalungae;1;Helo
2018_01;BF;23.6;Mimosa gracilis;10;Helo
2018_01;BF;23.6;Lippia horridula;10;Helo
2018_01;BF;23.7;Bernardia hirsutissima;10;Helo
2018_01;BF;23.7;Calliandra dysantha;30;Helo
2018_01;BF;23.7;Chamaecrista ochrosperma;20;Helo
2018_01;BF;23.7;Croton gracilescens;40;Helo
2018_01;BF;23.7;Euphorbia potentilloides;1;Helo
2018_01;BF;23.7;Hyptis remota;5;Helo
2018_01;BF;23.7;Ichthyothere hirsuta;20;Helo
2018_01;BF;23.7;Mimosa gracilis;10;Helo
2018_01;BF;23.7;Oxalis goyazensis;40;Helo
2018_01;BF;23.8;Ctenodon paniculatus;10;Helo
2018_01;BF;23.8;Aldama grandiflora;40;Helo
2018_01;BF;23.8;Calliandra dysantha;20;Helo
2018_01;BF;23.8;Chamaecrista claussenii;30;Helo
2018_01;BF;23.8;Croton gracilescens;30;Helo
2018_01;BF;23.8;Cuphea hyssopoides;20;Helo
2018_01;BF;23.8;Hyptis remota;10;Helo
2018_01;BF;23.8;Justicia lanstyakii;10;Helo
2018_01;BF;23.8;Mimosa gracilis;1;Helo
2018_01;BF;23.8;Ruellia trachyphylla;20;Helo
2018_01;BF;23.9;Bernardia hirsutissima;20;Helo
2018_01;BF;23.9;Calolisianthus speciosus;10;Helo
2018_01;BF;23.9;Chamaecrista claussenii;1;Helo
2018_01;BF;23.9;Croton gracilescens;20;Helo
2018_01;BF;23.9;Cuphea hyssopoides;10;Helo
2018_01;BF;23.9;Manihot kalungae;10;Helo
2018_01;BF;23.9;Ruellia nitens;20;Helo
2018_01;FE;V.21;Croton gracilescens;30;Mari
2018_01;FE;V.21;Chamaecrista claussenii;20;Mari
2018_01;FE;V.21;Ruellia nitens;20;Mari
2018_01;FE;V.21;Eriope sp;5;Mari
2018_01;FE;V.21;Calliandra dysantha;40;Mari
2018_01;FE;V.21;Croton gracilescens;10;Mari
2018_01;FE;V.21;Euphorbia potentilloides ;5;Mari
2018_01;FE;V.21;Gymneia chapadensis;20;Mari
2018_01;FE;V.22;Eriosema congestum ;30;Mari
2018_01;FE;V.22;Medusantha mollissima;30;Mari
2018_01;FE;V.22;Bernardia hirsutissima;10;Mari
2018_01;FE;V.22;Gymneia chapadensis;10;Mari
2018_01;FE;V.22;Croton gracilescens;20;Mari
2018_01;FE;V.22;Eriope sp;10;Mari
2018_01;FE;V.22;Croton gracilescens;5;Mari
2018_01;FE;V.22;Eriope sp;5;Mari
2018_01;FE;V.22;Ruellia nitens;1;Mari
2018_01;FE;V.22;Oxalis pyrenea var. macrochaeta;1;Mari
2018_01;FE;V.23;Eriosema congestum;40;Mari
2018_01;FE;V.23;Gymneia chapadensis;20;Mari
2018_01;FE;V.23;Justicia lanstyakii;20;Mari
2018_01;FE;V.23;Pseudotrimezia juncifolia;10;Mari
2018_01;FE;V.23;Euphorbia potentilloides ;20;Mari
2018_01;FE;V.23;Croton gracilescens;10;Mari
2018_01;FE;V.23;Ruellia trachyphylla;10;Mari
2018_01;FE;V.23;Heteropterys pannosa;10;Mari
2018_01;FE;V.23;Eriope sp;10;Mari
2018_01;FE;V.23;Gymneia chapadensis;5;Mari
2018_01;FE;V.23;Senega longicaulis;1;Mari
2018_01;FE;V.24;Hyptis remota;20;Mari
2018_01;FE;V.24;Croton gracilescens;30;Mari
2018_01;FE;V.24;Chamaecrista isidorea;10;Mari
2018_01;FE;V.24;Ichthyothere hirsuta;10;Mari
2018_01;FE;V.24;Heteropterys pannosa;20;Mari
2018_01;FE;V.24;Cuphea hyssopoides;20;Mari
2018_01;FE;V.24;Chamaecrista claussenii;1;Mari
2018_01;FE;V.24;Deianira pallescens;5;Mari
2018_01;FE;V.24;Ruellia nitens ;10;Mari
2018_01;FE;V.24;Eriope sp;5;Mari
2018_01;FE;V.24;Calliandra dysantha;20;Mari
2018_01;FE;V.25;Croton gracilescens;20;Mari
2018_01;FE;V.25;Chamaecrista isidorea;30;Mari
2018_01;FE;V.25;Mimosa gracilis;10;Mari
2018_01;FE;V.25;Gymneia chapadensis;10;Mari
2018_01;FE;V.25;Camarea ericoides;10;Mari
2018_01;FE;V.25;Croton gracilescens;20;Mari
2018_01;FE;V.25;Kielmeyera abdita;5;Mari
2018_01;FE;V.26;Aldama grandiflora;30;Mari
2018_01;FE;V.26;Ayapana amygdalina;20;Mari
2018_01;FE;V.26;Deianira pallescens;10;Mari
2018_01;FE;V.26;Gymneia chapadensis;10;Mari
2018_01;FE;V.26;Eriope sp;5;Mari
2018_01;FE;V.26;Croton gracilescens;20;Mari
2018_01;FE;V.26;Medusantha mollissima;10;Mari
2018_01;FE;V.26;Oxalis goyazensis;10;Mari
2018_01;FE;V.27;Chamaecrista isidorea;30;Mari
2018_01;FE;V.27;Mimosa gracilis;10;Mari
2018_01;FE;V.27;Medusantha mollissima;10;Mari
2018_01;FE;V.27;Croton gracilescens;20;Mari
2018_01;FE;V.27;Gymneia chapadensis;10;Mari
2018_01;FE;V.27;Ruellia trachyphylla;10;Mari
2018_01;FE;V.27;Cipura xanthomelas;10;Mari
2018_01;FE;V.27;Kielmeyera rubriflora;10;Mari
2018_01;FE;V.27;Eriope sp;10;Mari
2018_01;FE;V.27;Croton gracilescens;20;Mari
2018_01;FE;V.28;Calliandra dysantha;30;Mari
2018_01;FE;V.28;Croton gracilescens;20;Mari
2018_01;FE;V.28;Eriosema congestum;30;Mari
2018_01;FE;V.28;Manihot kalungae;10;Mari
2018_01;FE;V.28;Tibouchina melastomoides;30;Mari
2018_01;FE;V.28;Oxalis pyrenea var. macrochaeta;10;Mari
2018_01;FE;V.28;Ichthyothere hirsuta;30;Mari
2018_01;FE;V.28;Eriope sp;10;Mari
2018_01;FE;V.28;Kielmeyera abdita;5;Mari
2018_01;FE;V.28;Kielmeyera rubriflora;30;Mari
2018_01;FE;V.28;Lippia horridula;10;Mari
2018_01;FE;V.28;Aldama grandiflora;5;Mari
2018_01;FE;V.28;Croton gracilescens;10;Mari
2018_01;FE;V.28;Gymneia chapadensis;30;Mari
2018_01;FE;V.28;Oxalis pyrenea var. macrochaeta;10;Mari
2018_01;FE;V.29;Ichthyothere hirsuta;10;Mari
2018_01;FE;V.29;Peltea macedoi;20;Mari
2018_01;FE;V.29;Medusantha mollissima;10;Mari
2018_01;FE;V.29;Eriope sp;10;Mari
2018_01;FE;V.29;Calolisianthus speciosus;10;Mari
2018_01;FE;V.29;Croton gracilescens;10;Mari
2018_01;FE;V.29;Ruellia trachyphylla;10;Mari
2018_01;FE;V.29;Croton gracilescens;10;Mari
2018_01;FE;V.30;Chamaecrista claussenii;10;Mari
2018_01;FE;V.30;Heteropterys pannosa;10;Mari
2018_01;FE;V.30;Tibouchina melastomoides;10;Mari
2018_01;FE;V.30;Gymneia chapadensis;10;Mari
2018_01;FE;V.30;Ichthyothere hirsuta;10;Mari
2018_01;FE;V.30;Croton gracilescens;20;Mari
2018_01;FE;V.30;Ruellia nitens;10;Mari
2018_01;FE;V.30;Eriope sp;5;Mari
2018_01;FE;V.30;Croton gracilescens;20;Mari
2018_01;FE;V.30;Gymneia chapadensis;30;Mari
2018_01;FE;V.30;Hyptis remota;5;Mari
2019_01;BF;10.1;Croton gracilescens;10;Vagner
2019_01;BF;10.1;Eriope sp;5;Vagner
2019_01;BF;10.1;Gymneia chapadensis;1;Vagner
2019_01;BF;10.1;Hyptis remota;5;Vagner
2019_01;BF;10.1;Medusantha mollissima;10;Vagner
2019_01;BF;10.1;Hypenia sp;5;Vagner
2019_01;BF;10.1;Ruellia trachyphylla;20;Vagner
2019_01;BF;10.10;Chamaecrista isidorea;20;Vagner
2019_01;BF;10.10;Croton gracilescens;10;Vagner
2019_01;BF;10.10;Heteropterys pannosa;5;Vagner
2019_01;BF;10.10;Hyptis remota;10;Vagner
2019_01;BF;10.2;Croton gracilescens;10;Vagner
2019_01;BF;10.2;Eriope sp;10;Vagner
2019_01;BF;10.2;Heteropterys pannosa;10;Vagner
2019_01;BF;10.2;Medusantha mollissima;5;Vagner
2019_01;BF;10.2;Ruellia trachyphylla;30;Vagner
2019_01;BF;10.2;Borreria tenella;5;Vagner
2019_01;BF;10.2;Cayaponia weddellii;10;Vagner
2019_01;BF;10.3;Croton gracilescens;10;Vagner
2019_01;BF;10.3;Euphorbia potentilloides;5;Vagner
2019_01;BF;10.3;Gymneia chapadensis;20;Vagner
2019_01;BF;10.3;Hypenia sp;5;Vagner
2019_01;BF;10.3;Mimosa cavalcantina;5;Vagner
2019_01;BF;10.3;Mimosa gracilis;5;Vagner
2019_01;BF;10.3;Porophyllum obscurum;10;Vagner
2019_01;BF;10.3;Ruellia nitens;30;Vagner
2019_01;BF;10.3;Hyptis remota;10;Vagner
2019_01;BF;10.3;Kielmeyera rubriflora;10;Vagner
2019_01;BF;10.4;Lippia horridula;5;Vagner
2019_01;BF;10.4;Chamaecrista claussenii;10;Vagner
2019_01;BF;10.4;Croton gracilescens;10;Vagner
2019_01;BF;10.4;Eriope sp;10;Vagner
2019_01;BF;10.4;Gymneia chapadensis;10;Vagner
2019_01;BF;10.4;Heteropterys pannosa;10;Vagner
2019_01;BF;10.4;Hypenia sp;10;Vagner
2019_01;BF;10.4;Medusantha mollissima;5;Vagner
2019_01;BF;10.4;Borreria tenella;5;Vagner
2019_01;BF;10.5;Chamaecrista claussenii;40;Vagner
2019_01;BF;10.5;Chamaecrista ochrosperma;20;Vagner
2019_01;BF;10.5;Croton gracilescens;10;Vagner
2019_01;BF;10.5;Cuphea hyssopoides;10;Vagner
2019_01;BF;10.5;Eriope sp;10;Vagner
2019_01;BF;10.6;Croton gracilescens;10;Vagner
2019_01;BF;10.6;Cuphea hyssopoides;20;Vagner
2019_01;BF;10.6;Eriope sp;5;Vagner
2019_01;BF;10.6;Hemipogon acerosus;10;Vagner
2019_01;BF;10.6;Hypenia sp;10;Vagner
2019_01;BF;10.6;Ipomoea paulistana;5;Vagner
2019_01;BF;10.6;Medusantha mollissima;10;Vagner
2019_01;BF;10.6;Mimosa gracilis;5;Vagner
2019_01;BF;10.6;Ruellia nitens;20;Vagner
2019_01;BF;10.7;Bernardia hirsutissima;10;Vagner
2019_01;BF;10.7;Chamaecrista claussenii;40;Vagner
2019_01;BF;10.7;Croton gracilescens;10;Vagner
2019_01;BF;10.7;Diplusodon paraisoensis;10;Vagner
2019_01;BF;10.7;Eriope sp;5;Vagner
2019_01;BF;10.7;Gymneia chapadensis;10;Vagner
2019_01;BF;10.7;Hemipogon acerosus;10;Vagner
2019_01;BF;10.7;Ruellia nitens;20;Vagner
2019_01;BF;10.7;Ruellia nitens;20;Vagner
2019_01;BF;10.8;Cipura xanthomelas;10;Vagner
2019_01;BF;10.8;Croton gracilescens;10;Vagner
2019_01;BF;10.8;Cuphea hyssopoides;10;Vagner
2019_01;BF;10.8;Eriope sp;10;Vagner
2019_01;BF;10.8;Hypenia sp;10;Vagner
2019_01;BF;10.8;Ipomoea paulistana;10;Vagner
2019_01;BF;10.8;Medusantha mollissima;10;Vagner
2019_01;BF;10.8;Oxalis goyazensis;10;Vagner
2019_01;BF;10.8;Ruellia nitens;20;Vagner
2019_01;BF;10.9;Chamaecrista claussenii;40;Vagner
2019_01;BF;10.9;Croton gracilescens;10;Vagner
2019_01;BF;10.9;Diplusodon paraisoensis;10;Vagner
2019_01;BF;10.9;Eriope sp;5;Vagner
2019_01;BF;10.9;Gymneia chapadensis;10;Vagner
2019_01;BF;10.9;Hemipogon acerosus;5;Vagner
2019_01;BF;10.9;Hyptis remota;10;Vagner
2019_01;FE;12.1;Chamaecrista claussenii;10;Mari
2019_01;FE;12.1;Croton gracilescens;5;Mari
2019_01;FE;12.1;Eriosema congestum;50;Mari
2019_01;FE;12.1;Gymneia chapadensis;20;Mari
2019_01;FE;12.1;Heteropterys pannosa;10;Mari
2019_01;FE;12.1;Medusantha mollissima;20;Mari
2019_01;FE;12.1;Tibouchina melastomoides;5;Mari
2019_01;FE;12.10;Cayaponia weddellii;5;Mari
2019_01;FE;12.10;Croton gracilescens;10;Mari
2019_01;FE;12.10;Gymneia chapadensis;5;Mari
2019_01;FE;12.10;Ruellia trachyphylla;20;Mari
2019_01;FE;12.2;Croton gracilescens;5;Mari
2019_01;FE;12.2;Gymneia chapadensis;10;Mari
2019_01;FE;12.2;Justicia lanstyakii;20;Mari
2019_01;FE;12.2;Medusantha mollissima;10;Mari
2019_01;FE;12.3;Ayapana amygdalina;20;Mari
2019_01;FE;12.3;Croton gracilescens;10;Mari
2019_01;FE;12.3;Dalechampia linearis;20;Mari
2019_01;FE;12.3;Distimake ericoides;20;Mari
2019_01;FE;12.3;Gymneia chapadensis;5;Mari
2019_01;FE;12.3;Hypenia sp;5;Mari
2019_01;FE;12.3;Kielmeyera rubriflora;40;Mari
2019_01;FE;12.3;Lippia horridula;5;Mari
2019_01;FE;12.4;Amasonia hirta;10;Mari
2019_01;FE;12.4;Croton gracilescens;5;Mari
2019_01;FE;12.4;Eriope sp;5;Mari
2019_01;FE;12.4;Galactia sp;20;Mari
2019_01;FE;12.4;Gymneia chapadensis;10;Mari
2019_01;FE;12.4;Hemipogon acerosus;10;Mari
2019_01;FE;12.4;Hyptis remota;5;Mari
2019_01;FE;12.4;Justicia lanstyakii;30;Mari
2019_01;FE;12.4;Medusantha mollissima;10;Mari
2019_01;FE;12.4;Mimosa gracilis;5;Mari
2019_01;FE;12.4;Ruellia trachyphylla;20;Mari
2019_01;FE;12.5;Chamaecrista claussenii;10;Mari
2019_01;FE;12.5;Croton gracilescens;1;Mari
2019_01;FE;12.5;Cuphea hyssopoides;20;Mari
2019_01;FE;12.5;Eriope sp;1;Mari
2019_01;FE;12.5;Gymneia chapadensis;20;Mari
2019_01;FE;12.5;Lippia horridula;1;Mari
2019_01;FE;12.5;Medusantha mollissima;10;Mari
2019_01;FE;12.5;Ruellia nitens;10;Mari
2019_01;FE;12.5;Ruellia trachyphylla;40;Mari
2019_01;FE;12.6;Bernardia hirsutissima;10;Mari
2019_01;FE;12.6;Chamaecrista claussenii;20;Mari
2019_01;FE;12.6;Chamaecrista isidorea;10;Mari
2019_01;FE;12.6;Croton gracilescens;5;Mari
2019_01;FE;12.6;Eriope sp;5;Mari
2019_01;FE;12.6;Kielmeyera rubriflora;30;Mari
2019_01;FE;12.6;Oxalis pyrenea var. macrochaeta;1;Mari
2019_01;FE;12.6;Ruellia nitens;20;Mari
2019_01;FE;12.6;Tibouchina melastomoides;20;Mari
2019_01;FE;12.7;Chamaecrista isidorea;30;Mari
2019_01;FE;12.7;Croton gracilescens;5;Mari
2019_01;FE;12.7;Eriope sp;1;Mari
2019_01;FE;12.7;Euphorbia potentilloides ;1;Mari
2019_01;FE;12.7;Heteropterys pannosa;10;Mari
2019_01;FE;12.7;Hypenia sp;5;Mari
2019_01;FE;12.7;Hyptis remota;10;Mari
2019_01;FE;12.7;Manihot kalungae;5;Mari
2019_01;FE;12.7;Mimosa gracilis;1;Mari
2019_01;FE;12.7;Porophyllum obscurum;5;Mari
2019_01;FE;12.7;Ruellia trachyphylla;10;Mari
2019_01;FE;12.8;Bernardia hirsutissima;10;Mari
2019_01;FE;12.8;Croton gracilescens;5;Mari
2019_01;FE;12.8;Eriope sp;10;Mari
2019_01;FE;12.8;Euphorbia potentilloides ;5;Mari
2019_01;FE;12.8;Gymneia chapadensis;20;Mari
2019_01;FE;12.8;Hyptis remota;5;Mari
2019_01;FE;12.8;Ichthyothere hirsuta;20;Mari
2019_01;FE;12.8;Lippia horridula;10;Mari
2019_01;FE;12.8;Medusantha mollissima;5;Mari
2019_01;FE;12.8;Ruellia trachyphylla;50;Mari
2019_01;FE;12.9;Chamaecrista claussenii;20;Mari
2019_01;FE;12.9;Croton gracilescens;20;Mari
2019_01;FE;12.9;Declieuxia lancifolia;1;Mari
2019_01;FE;12.9;Eriope sp;5;Mari
2019_01;FE;12.9;Eriosema congestum;50;Mari
2019_01;FE;12.9;Heteropterys pannosa;10;Mari
2019_01;FE;12.9;Hyptis remota;10;Mari
2019_01;FE;12.9;Ipomoea paulistana;20;Mari
2019_01;FE;12.9;Kielmeyera rubriflora;40;Mari
2019_01;FE;12.9;Ruellia trachyphylla;20;Mari
2019_01;FE;12.9;Tibouchina melastomoides;1;Mari
2019_01;FE;13.1;Croton gracilescens;10;Mari
2019_01;FE;13.1;Euphorbia potentilloides ;10;Mari
2019_01;FE;13.1;Gomphrena sp;10;Mari
2019_01;FE;13.1;Ichthyothere hirsuta;5;Mari
2019_01;FE;13.1;Mimosa gracilis;1;Mari
2019_01;FE;13.1;Ruellia nitens;10;Mari
2019_01;FE;13.10;Ancistrotropis firmula;50;Mari
2019_01;FE;13.10;Chamaecrista isidorea;30;Mari
2019_01;FE;13.10;Cipura xanthomelas;30;Mari
2019_01;FE;13.10;Croton gracilescens;10;Mari
2019_01;FE;13.10;Eriope sp;5;Mari
2019_01;FE;13.10;Hyptis remota;20;Mari
2019_01;FE;13.10;Kielmeyera abdita;10;Mari
2019_01;FE;13.10;Mimosa cavalcantina;10;Mari
2019_01;FE;13.10;Oxalis pyrenea var. macrochaeta;1;Mari
2019_01;FE;13.2;Anemopaegma arvense;10;Mari
2019_01;FE;13.2;Byttneria jaculifolia;20;Mari
2019_01;FE;13.2;Calliandra dysantha;5;Mari
2019_01;FE;13.2;Croton gracilescens;5;Mari
2019_01;FE;13.2;Eriope sp;5;Mari
2019_01;FE;13.2;Gymneia chapadensis;20;Mari
2019_01;FE;13.2;Mimosa cavalcantina;30;Mari
2019_01;FE;13.2;Mimosa gracilis;5;Mari
2019_01;FE;13.2;Oxalis pyrenea var. macrochaeta;1;Mari
2019_01;FE;13.2;Ruellia trachyphylla;20;Mari
2019_01;FE;13.2;Tibouchina melastomoides;20;Mari
2019_01;FE;13.3;Aldama grandiflora;20;Mari
2019_01;FE;13.3;Croton gracilescens;20;Mari
2019_01;FE;13.3;Ctenodon paniculatus;5;Mari
2019_01;FE;13.3;Calolisianthus speciosus;1;Mari
2019_01;FE;13.3;Eriope sp;10;Mari
2019_01;FE;13.3;Ichthyothere hirsuta;20;Mari
2019_01;FE;13.3;Oxalis pyrenea var. macrochaeta;5;Mari
2019_01;FE;13.4;Croton gracilescens;5;Mari
2019_01;FE;13.4;Diplusodon paraisoensis;10;Mari
2019_01;FE;13.4;Eriope sp;5;Mari
2019_01;FE;13.4;Eriosema congestum;40;Mari
2019_01;FE;13.4;Euphorbia potentilloides ;10;Mari
2019_01;FE;13.4;Gymneia chapadensis;10;Mari
2019_01;FE;13.4;Ichthyothere hirsuta;20;Mari
2019_01;FE;13.4;Turnera emendata;10;Mari
2019_01;FE;13.4;Pseudotrimezia juncifolia;10;Mari
2019_01;FE;13.4;Ruellia trachyphylla;20;Mari
2019_01;FE;13.5;Croton gracilescens;5;Mari
2019_01;FE;13.5;Eriope sp;1;Mari
2019_01;FE;13.5;Eriosema congestum;30;Mari
2019_01;FE;13.5;Gymneia chapadensis;5;Mari
2019_01;FE;13.5;Pseudotrimezia juncifolia;10;Mari
2019_01;FE;13.6;Aldama grandiflora;40;Mari
2019_01;FE;13.6;Chamaecrista isidorea;30;Mari
2019_01;FE;13.6;Croton gracilescens;5;Mari
2019_01;FE;13.6;Eriope sp;5;Mari
2019_01;FE;13.6;Euphorbia potentilloides ;10;Mari
2019_01;FE;13.6;Heteropterys pannosa;10;Mari
2019_01;FE;13.6;Ipomoea paulistana;10;Mari
2019_01;FE;13.6;Ruellia trachyphylla;20;Mari
2019_01;FE;13.7;Byttneria jaculifolia;10;Mari
2019_01;FE;13.7;Chamaecrista claussenii;30;Mari
2019_01;FE;13.7;Croton gracilescens;10;Mari
2019_01;FE;13.7;Deianira pallescens;5;Mari
2019_01;FE;13.7;Eriope sp;1;Mari
2019_01;FE;13.7;Euphorbia potentilloides ;10;Mari
2019_01;FE;13.7;Gymneia chapadensis;20;Mari
2019_01;FE;13.7;Heteropterys pannosa;20;Mari
2019_01;FE;13.7;Hypenia sp;10;Mari
2019_01;FE;13.7;Medusantha mollissima;5;Mari
2019_01;FE;13.7;Pseudotrimezia juncifolia;10;Mari
2019_01;FE;13.8;Croton gracilescens;10;Mari
2019_01;FE;13.8;Eriope sp;5;Mari
2019_01;FE;13.8;Euphorbia potentilloides ;10;Mari
2019_01;FE;13.8;Galactia sp;20;Mari
2019_01;FE;13.8;Ruellia trachyphylla;20;Mari
2019_01;FE;13.8;Ruellia nitens ;30;Mari
2019_01;FE;13.9;Croton gracilescens;10;Mari
2019_01;FE;13.9;Cuphea spermacoce;1;Mari
2019_01;FE;13.9;Dalechampia linearis;40;Mari
2019_01;FE;13.9;Eriope sp;1;Mari
2019_01;FE;13.9;Euphorbia potentilloides ;5;Mari
2019_01;FE;13.9;Gymneia chapadensis;20;Mari
2019_01;FE;13.9;Heteropterys pannosa;10;Mari
2019_01;FE;13.9;Hyptis remota;10;Mari
2019_01;BF;17.1;Aldama grandiflora;20;Vagner
2019_01;BF;17.1;Chamaecrista fagonioides;20;Vagner
2019_01;BF;17.1;Croton gracilescens;20;Vagner
2019_01;BF;17.1;Cuphea hyssopoides;5;Vagner
2019_01;BF;17.1;Gymneia chapadensis;10;Vagner
2019_01;BF;17.1;Heteropterys pannosa;10;Vagner
2019_01;BF;17.1;Hyptis remota;5;Vagner
2019_01;BF;17.1;Ipomoea fiebrigii;20;Vagner
2019_01;BF;17.1;Medusantha mollissima;10;Vagner
2019_01;BF;17.1;Ruellia nitens;20;Vagner
2019_01;BF;17.10;Ctenodon paniculatus;10;Vagner
2019_01;BF;17.10;Bernardia hirsutissima;10;Vagner
2019_01;BF;17.10;Chamaecrista claussenii;10;Vagner
2019_01;BF;17.10;Chamaecrista ochrosperma;20;Vagner
2019_01;BF;17.10;Croton gracilescens;10;Vagner
2019_01;BF;17.10;Cuphea hyssopoides;10;Vagner
2019_01;BF;17.10;Gymneia chapadensis;10;Vagner
2019_01;BF;17.10;Hyptis remota;10;Vagner
2019_01;BF;17.10;Ipomoea paulistana;10;Vagner
2019_01;BF;17.10;Justicia lanstyakii;10;Vagner
2019_01;BF;17.10;Mimosa gracilis;10;Vagner
2019_01;BF;17.10;Pseudotrimezia juncifolia;5;Vagner
2019_01;BF;17.2;Aldama grandiflora;20;Vagner
2019_01;BF;17.2;Calliandra dysantha;20;Vagner
2019_01;BF;17.2;Croton gracilescens;10;Vagner
2019_01;BF;17.2;Eriope sp;10;Vagner
2019_01;BF;17.2;Euphorbia potentilloides;20;Vagner
2019_01;BF;17.2;Gymneia chapadensis;10;Vagner
2019_01;BF;17.2;Heteropterys pannosa;10;Vagner
2019_01;BF;17.2;Hyptis remota;20;Vagner
2019_01;BF;17.2;Ichthyothere hirsuta;10;Vagner
2019_01;BF;17.2;Ipomoea paulistana;10;Vagner
2019_01;BF;17.2;Ruellia nitens;10;Vagner
2019_01;BF;17.3;Chamaecrista ochrosperma;20;Vagner
2019_01;BF;17.3;Croton gracilescens;10;Vagner
2019_01;BF;17.3;Eriope sp;10;Vagner
2019_01;BF;17.3;Heteropterys pannosa;20;Vagner
2019_01;BF;17.3;Medusantha mollissima;10;Vagner
2019_01;BF;17.3;Mimosa cavalcantina;10;Vagner
2019_01;BF;17.4;Aldama grandiflora;30;Vagner
2019_01;BF;17.4;Calliandra dysantha;10;Vagner
2019_01;BF;17.4;Chamaecrista ochrosperma;20;Vagner
2019_01;BF;17.4;Croton gracilescens;10;Vagner
2019_01;BF;17.4;Eriope sp;10;Vagner
2019_01;BF;17.4;Gymneia chapadensis;10;Vagner
2019_01;BF;17.4;Heteropterys pannosa;20;Vagner
2019_01;BF;17.4;Mimosa macrocephala;10;Vagner
2019_01;BF;17.5;Ctenodon paniculatus;10;Vagner
2019_01;BF;17.5;Calliandra dysantha;30;Vagner
2019_01;BF;17.5;Croton gracilescens;20;Vagner
2019_01;BF;17.5;Cuphea hyssopoides;10;Vagner
2019_01;BF;17.5;Cuphea spermacoce;5;Vagner
2019_01;BF;17.5;Eriope sp;10;Vagner
2019_01;BF;17.5;Gymneia chapadensis;10;Vagner
2019_01;BF;17.5;Heteropterys pannosa;10;Vagner
2019_01;BF;17.5;Ipomoea paulistana;10;Vagner
2019_01;BF;17.5;Ruellia trachyphylla;20;Vagner
2019_01;BF;17.5;Borreria tenella;1;Vagner
2019_01;BF;17.5;Lippia horridula;10;Vagner
2019_01;BF;17.6;Calliandra dysantha;10;Vagner
2019_01;BF;17.6;Chamaecrista ochrosperma;30;Vagner
2019_01;BF;17.6;Croton gracilescens;20;Vagner
2019_01;BF;17.6;Heteropterys pannosa;10;Vagner
2019_01;BF;17.6;Hyptis remota;5;Vagner
2019_01;BF;17.7;Aldama grandiflora;30;Vagner
2019_01;BF;17.7;Calliandra dysantha;10;Vagner
2019_01;BF;17.7;Croton gracilescens;10;Vagner
2019_01;BF;17.7;Eriope sp;10;Vagner
2019_01;BF;17.7;Heteropterys pannosa;10;Vagner
2019_01;BF;17.7;Hyptis remota;10;Vagner
2019_01;BF;17.7;Justicia lanstyakii;20;Vagner
2019_01;BF;17.7;Mimosa gracilis;10;Vagner
2019_01;BF;17.8;Aldama grandiflora;20;Vagner
2019_01;BF;17.8;Chamaecrista claussenii;20;Vagner
2019_01;BF;17.8;Croton gracilescens;20;Vagner
2019_01;BF;17.8;Gymneia chapadensis;20;Vagner
2019_01;BF;17.8;Heteropterys pannosa;10;Vagner
2019_01;BF;17.8;Kielmeyera abdita;10;Vagner
2019_01;BF;17.8;Ruellia nitens;10;Vagner
2019_01;BF;17.9;Ctenodon paniculatus;20;Vagner
2019_01;BF;17.9;Chamaecrista ochrosperma;30;Vagner
2019_01;BF;17.9;Cipura xanthomelas;10;Vagner
2019_01;BF;17.9;Gymneia chapadensis;5;Vagner
2019_01;BF;17.9;Heteropterys pannosa;20;Vagner
2019_01;BF;17.9;Hyptis remota;10;Vagner
2019_01;BF;17.9;Ruellia trachyphylla;20;Vagner
2019_01;BF;2.1;Lippia horridula;1;Alessandra
2019_01;BF;2.1;Calolisianthus speciosus;10;Alessandra
2019_01;BF;2.1;Chamaecrista claussenii;20;Alessandra
2019_01;BF;2.1;Croton gracilescens;10;Alessandra
2019_01;BF;2.1;Eriope sp;5;Alessandra
2019_01;BF;2.1;Hyptis remota;10;Alessandra
2019_01;BF;2.1;Ichthyothere hirsuta;5;Alessandra
2019_01;BF;2.1;Mimosa gracilis;5;Alessandra
2019_01;BF;2.1;Oxalis goyazensis;5;Alessandra
2019_01;BF;2.1;Borreria tenella;5;Alessandra
2019_01;BF;2.1;Tibouchina melastomoides;5;Alessandra
2019_01;BF;2.10;Lippia horridula;5;Alessandra
2019_01;BF;2.10;Calolisianthus speciosus;10;Alessandra
2019_01;BF;2.10;Croton gracilescens;10;Alessandra
2019_01;BF;2.10;Cuphea hyssopoides;5;Alessandra
2019_01;BF;2.10;Heteropterys pannosa;10;Alessandra
2019_01;BF;2.10;Hyptis remota;10;Alessandra
2019_01;BF;2.10;Mimosa gracilis;10;Alessandra
2019_01;BF;2.10;Ruellia nitens;5;Alessandra
2019_01;BF;2.10;Tibouchina melastomoides;10;Alessandra
2019_01;BF;2.2;Chamaecrista claussenii;20;Alessandra
2019_01;BF;2.2;Chamaecrista ochrosperma;10;Alessandra
2019_01;BF;2.2;Croton gracilescens;10;Alessandra
2019_01;BF;2.2;Heteropterys pannosa;10;Alessandra
2019_01;BF;2.2;Manihot kalungae;5;Alessandra
2019_01;BF;2.2;Mimosa gracilis;10;Alessandra
2019_01;BF;2.2;Ruellia trachyphylla;10;Alessandra
2019_01;BF;2.3;Ctenodon paniculatus;10;Alessandra
2019_01;BF;2.3;Anemopaegma arvense;10;Alessandra
2019_01;BF;2.3;Chamaecrista ochrosperma;10;Alessandra
2019_01;BF;2.3;Croton gracilescens;10;Alessandra
2019_01;BF;2.3;Eriope sp;5;Alessandra
2019_01;BF;2.3;Euphorbia potentilloides;5;Alessandra
2019_01;BF;2.3;Gymneia chapadensis;10;Alessandra
2019_01;BF;2.3;Mimosa gracilis;10;Alessandra
2019_01;BF;2.3;Ruellia trachyphylla;30;Alessandra
2019_01;BF;2.4;Anemopaegma arvense;5;Alessandra
2019_01;BF;2.4;Croton gracilescens;20;Alessandra
2019_01;BF;2.4;Eriope sp;10;Alessandra
2019_01;BF;2.4;Gymneia chapadensis;10;Alessandra
2019_01;BF;2.4;Hypenia sp;5;Alessandra
2019_01;BF;2.4;Hyptis remota;20;Alessandra
2019_01;BF;2.4;Porophyllum obscurum;5;Alessandra
2019_01;BF;2.5;Chamaecrista claussenii;30;Alessandra
2019_01;BF;2.5;Croton gracilescens;10;Alessandra
2019_01;BF;2.5;Cuphea hyssopoides;5;Alessandra
2019_01;BF;2.5;Eriope sp;5;Alessandra
2019_01;BF;2.5;Eriosema congestum;10;Alessandra
2019_01;BF;2.5;Mimosa gracilis;10;Alessandra
2019_01;BF;2.5;Ruellia trachyphylla;30;Alessandra
2019_01;BF;2.5;Sisyrinchium luzula;10;Alessandra
2019_01;BF;2.5;Borreria tenella;10;Alessandra
2019_01;BF;2.6;Chamaecrista ochrosperma;10;Alessandra
2019_01;BF;2.6;Croton gracilescens;10;Alessandra
2019_01;BF;2.6;Deianira pallescens;5;Alessandra
2019_01;BF;2.6;Eriope sp;5;Alessandra
2019_01;BF;2.6;Hyptis remota;5;Alessandra
2019_01;BF;2.6;Justicia lanstyakii;5;Alessandra
2019_01;BF;2.6;Mimosa gracilis;5;Alessandra
2019_01;BF;2.6;Ruellia trachyphylla;20;Alessandra
2019_01;BF;2.7;Chamaecrista claussenii;10;Alessandra
2019_01;BF;2.7;Chamaecrista ochrosperma;10;Alessandra
2019_01;BF;2.7;Croton gracilescens;10;Alessandra
2019_01;BF;2.7;Eriope sp;10;Alessandra
2019_01;BF;2.7;Gymneia chapadensis;5;Alessandra
2019_01;BF;2.7;Manihot kalungae;5;Alessandra
2019_01;BF;2.7;Mimosa gracilis;10;Alessandra
2019_01;BF;2.8;Croton gracilescens;10;Alessandra
2019_01;BF;2.8;Eriope sp;5;Alessandra
2019_01;BF;2.8;Hyptis remota;5;Alessandra
2019_01;BF;2.8;Mimosa gracilis;10;Alessandra
2019_01;BF;2.8;Ruellia trachyphylla;30;Alessandra
2019_01;BF;2.9;Lippia horridula;10;Alessandra
2019_01;BF;2.9;Croton gracilescens;10;Alessandra
2019_01;BF;2.9;Eriope sp;5;Alessandra
2019_01;BF;2.9;Evolvulus hipocraterioflorus;5;Alessandra
2019_01;BF;2.9;Mimosa gracilis;20;Alessandra
2019_01;BF;23.1;Aldama grandiflora;30;Alessandra
2019_01;BF;23.1;Bernardia hirsutissima;10;Alessandra
2019_01;BF;23.1;Calliandra dysantha;10;Alessandra
2019_01;BF;23.1;Chamaecrista fagonioides;5;Alessandra
2019_01;BF;23.1;Croton gracilescens;5;Alessandra
2019_01;BF;23.1;Eriosema congestum;10;Alessandra
2019_01;BF;23.1;Euphorbia potentilloides;20;Alessandra
2019_01;BF;23.1;Heteropterys pannosa;20;Alessandra
2019_01;BF;23.1;Mimosa macrocephala;10;Alessandra
2019_01;BF;23.1;Ruellia trachyphylla;10;Alessandra
2019_01;BF;23.10;Aldama grandiflora;20;Alessandra
2019_01;BF;23.10;Byttneria jaculifolia;10;Alessandra
2019_01;BF;23.10;Croton gracilescens;20;Alessandra
2019_01;BF;23.10;Eriope sp;10;Alessandra
2019_01;BF;23.10;Gymneia chapadensis;5;Alessandra
2019_01;BF;23.10;Heteropterys pannosa;10;Alessandra
2019_01;BF;23.2;Aldama grandiflora;20;Alessandra
2019_01;BF;23.2;Calliandra dysantha;10;Alessandra
2019_01;BF;23.2;Calolisianthus speciosus;5;Alessandra
2019_01;BF;23.2;Croton gracilescens;10;Alessandra
2019_01;BF;23.2;Eriope sp;5;Alessandra
2019_01;BF;23.2;Hyptis remota;10;Alessandra
2019_01;BF;23.2;Ipomoea paulistana;5;Alessandra
2019_01;BF;23.2;Justicia lanstyakii;10;Alessandra
2019_01;BF;23.2;Medusantha mollissima;10;Alessandra
2019_01;BF;23.2;Tibouchina melastomoides;5;Alessandra
2019_01;BF;23.3;Ctenodon paniculatus;10;Alessandra
2019_01;BF;23.3;Chamaecrista claussenii;10;Alessandra
2019_01;BF;23.3;Croton gracilescens;10;Alessandra
2019_01;BF;23.3;Cuphea hyssopoides;10;Alessandra
2019_01;BF;23.3;Deianira pallescens;5;Alessandra
2019_01;BF;23.3;Eriope sp;5;Alessandra
2019_01;BF;23.3;Euphorbia potentilloides;5;Alessandra
2019_01;BF;23.3;Hyptis remota;10;Alessandra
2019_01;BF;23.3;Ichthyothere hirsuta;5;Alessandra
2019_01;BF;23.3;Medusantha mollissima;10;Alessandra
2019_01;BF;23.3;Oxalis goyazensis;10;Alessandra
2019_01;BF;23.4;Chamaecrista claussenii;20;Alessandra
2019_01;BF;23.4;Chamaecrista ochrosperma;5;Alessandra
2019_01;BF;23.4;Croton gracilescens;10;Alessandra
2019_01;BF;23.4;Eriope sp;5;Alessandra
2019_01;BF;23.4;Gymneia chapadensis;10;Alessandra
2019_01;BF;23.4;Heteropterys pannosa;5;Alessandra
2019_01;BF;23.4;Hyptis remota;20;Alessandra
2019_01;BF;23.4;Tibouchina melastomoides;10;Alessandra
2019_01;BF;23.5;Calliandra dysantha;5;Alessandra
2019_01;BF;23.5;Cipura xanthomelas;10;Alessandra
2019_01;BF;23.5;Croton gracilescens;10;Alessandra
2019_01;BF;23.5;Cuphea spermacoce;20;Alessandra
2019_01;BF;23.5;Eriope sp;20;Alessandra
2019_01;BF;23.5;Euphorbia potentilloides;10;Alessandra
2019_01;BF;23.5;Heteropterys pannosa;20;Alessandra
2019_01;BF;23.5;Hyptis remota;10;Alessandra
2019_01;BF;23.5;Medusantha mollissima;10;Alessandra
2019_01;BF;23.5;Ruellia angustior;30;Alessandra
2019_01;BF;23.5;Tibouchina melastomoides;10;Alessandra
2019_01;BF;23.6;Ctenodon paniculatus;10;Alessandra
2019_01;BF;23.6;Chamaecrista claussenii;30;Alessandra
2019_01;BF;23.6;Croton gracilescens;20;Alessandra
2019_01;BF;23.6;Eriosema congestum;10;Alessandra
2019_01;BF;23.6;Euphorbia potentilloides;10;Alessandra
2019_01;BF;23.6;Hemipogon acerosus;5;Alessandra
2019_01;BF;23.6;Hyptis remota;10;Alessandra
2019_01;BF;23.6;Mimosa gracilis;10;Alessandra
2019_01;BF;23.6;Lippia horridula;10;Alessandra
2019_01;BF;23.7;Bernardia hirsutissima;5;Alessandra
2019_01;BF;23.7;Calliandra dysantha;10;Alessandra
2019_01;BF;23.7;Croton gracilescens;10;Alessandra
2019_01;BF;23.7;Gymneia chapadensis;5;Alessandra
2019_01;BF;23.7;Hyptis remota;10;Alessandra
2019_01;BF;23.7;Ichthyothere hirsuta;10;Alessandra
2019_01;BF;23.7;Mimosa gracilis;10;Alessandra
2019_01;BF;23.7;Oxalis goyazensis;10;Alessandra
2019_01;BF;23.8;Ctenodon paniculatus;5;Alessandra
2019_01;BF;23.8;Aldama grandiflora;30;Alessandra
2019_01;BF;23.8;Calliandra dysantha;5;Alessandra
2019_01;BF;23.8;Chamaecrista claussenii;10;Alessandra
2019_01;BF;23.8;Croton gracilescens;10;Alessandra
2019_01;BF;23.8;Cuphea hyssopoides;10;Alessandra
2019_01;BF;23.8;Ruellia trachyphylla;20;Alessandra
2019_01;BF;23.9;Bernardia hirsutissima;5;Alessandra
2019_01;BF;23.9;Calolisianthus speciosus;5;Alessandra
2019_01;BF;23.9;Chamaecrista claussenii;5;Alessandra
2019_01;BF;23.9;Croton gracilescens;10;Alessandra
2019_01;BF;23.9;Cuphea hyssopoides;10;Alessandra
2019_01;BF;23.9;Eriope sp;5;Alessandra
2019_01;BF;23.9;Ipomoea paulistana;5;Alessandra
2019_01;BF;23.9;Mimosa gracilis;5;Alessandra
2019_01;BF;23.9;Ruellia nitens;20;Alessandra
2019_01;FE;V.21;Croton gracilescens;30;Mari
2019_01;FE;V.21;Tibouchina melastomoides ;10;Mari
2019_01;FE;V.21;Chamaecrista claussenii;20;Mari
2019_01;FE;V.21;Calliandra dysantha;10;Mari
2019_01;FE;V.21;Eriope sp;1;Mari
2019_01;FE;V.21;Croton gracilescens;5;Mari
2019_01;FE;V.22;Croton gracilescens;30;Mari
2019_01;FE;V.22;Eriope sp;10;Mari
2019_01;FE;V.22;Hyptis remota;5;Mari
2019_01;FE;V.22;Eriosema congestum ;30;Mari
2019_01;FE;V.22;Medusantha mollissima;20;Mari
2019_01;FE;V.22;Eriope sp;5;Mari
2019_01;FE;V.22;Croton gracilescens;10;Mari
2019_01;FE;V.22;Hyptis remota;10;Mari
2019_01;FE;V.22;Chamaecrista isidorea;1;Mari
2019_01;FE;V.23;Eriosema congestum;5;Mari
2019_01;FE;V.23;Gymneia chapadensis;20;Mari
2019_01;FE;V.23;Justicia lanstyakii;10;Mari
2019_01;FE;V.23;Croton gracilescens;5;Mari
2019_01;FE;V.23;Heteropterys pannosa;20;Mari
2019_01;FE;V.23;Euphorbia potentilloides ;10;Mari
2019_01;FE;V.23;Eriope sp;1;Mari
2019_01;FE;V.23;Tibouchina melastomoides ;1;Mari
2019_01;FE;V.24;Calliandra dysantha;40;Mari
2019_01;FE;V.24;Croton gracilescens;10;Mari
2019_01;FE;V.24;Hyptis remota;10;Mari
2019_01;FE;V.24;Croton gracilescens;10;Mari
2019_01;FE;V.24;Heteropterys pannosa;5;Mari
2019_01;FE;V.24;Chamaecrista claussenii;1;Mari
2019_01;FE;V.24;Ruellia nitens ;10;Mari
2019_01;FE;V.24;Eriope sp;1;Mari
2019_01;FE;V.24;Tibouchina melastomoides ;1;Mari
2019_01;FE;V.24;Cuphea hyssopoides;5;Mari
2019_01;FE;V.24;Calolisianthus speciosus;1;Mari
2019_01;FE;V.25;Croton gracilescens;30;Mari
2019_01;FE;V.25;Kielmeyera abdita;20;Mari
2019_01;FE;V.25;Hyptis remota;5;Mari
2019_01;FE;V.25;Croton gracilescens;10;Mari
2019_01;FE;V.25;Gymneia chapadensis;10;Mari
2019_01;FE;V.25;Camarea ericoides;5;Mari
2019_01;FE;V.25;Ipomoea fiebrigii;1;Mari
2019_01;FE;V.25;Hyptis remota;5;Mari
2019_01;FE;V.26;Eriope sp;1;Mari
2019_01;FE;V.26;Gymneia chapadensis;5;Mari
2019_01;FE;V.26;Deianira pallescens;5;Mari
2019_01;FE;V.26;Eriope sp;1;Mari
2019_01;FE;V.26;Croton gracilescens;5;Mari
2019_01;FE;V.26;Medusantha mollissima;1;Mari
2019_01;FE;V.26;Ayapana amygdalina;10;Mari
2019_01;FE;V.26;Oxalis goyazensis;20;Mari
2019_01;FE;V.26;Heteropterys pannosa;30;Mari
2019_01;FE;V.26;Aldama grandiflora;30;Mari
2019_01;FE;V.26;Ruellia nitens ;10;Mari
2019_01;FE;V.26;Camarea ericoides;5;Mari
2019_01;FE;V.27;Croton gracilescens;30;Mari
2019_01;FE;V.27;Eriope sp;5;Mari
2019_01;FE;V.27;Oxalis goyazensis;1;Mari
2019_01;FE;V.27;Mimosa gracilis;10;Mari
2019_01;FE;V.27;Medusantha mollissima;5;Mari
2019_01;FE;V.27;Croton gracilescens;20;Mari
2019_01;FE;V.27;Ruellia trachyphylla;10;Mari
2019_01;FE;V.27;Cipura xanthomelas;30;Mari
2019_01;FE;V.27;Eriope sp;5;Mari
2019_01;FE;V.27;Gymneia chapadensis;1;Mari
2019_01;FE;V.28;Croton gracilescens;10;Mari
2019_01;FE;V.28;Gymneia chapadensis;5;Mari
2019_01;FE;V.28;Croton gracilescens;10;Mari
2019_01;FE;V.28;Eriosema congestum;40;Mari
2019_01;FE;V.28;Manihot kalungae;30;Mari
2019_01;FE;V.28;Ichthyothere hirsuta;10;Mari
2019_01;FE;V.28;Eriope sp;1;Mari
2019_01;FE;V.28;Kielmeyera rubriflora;30;Mari
2019_01;FE;V.28;Kielmeyera abdita ;5;Mari
2019_01;FE;V.28;Tibouchina melastomoides;20;Mari
2019_01;FE;V.28;Lippia horridula;1;Mari
2019_01;FE;V.29;Croton gracilescens;10;Mari
2019_01;FE;V.29;Medusantha mollissima;5;Mari
2019_01;FE;V.29;Eriope sp;1;Mari
2019_01;FE;V.29;Calolisianthus speciosus;20;Mari
2019_01;FE;V.29;Manihot kalungae;10;Mari
2019_01;FE;V.29;Ruellia trachyphylla;10;Mari
2019_01;FE;V.29;Tibouchina melastomoides;20;Mari
2019_01;FE;V.29;Ichthyothere hirsuta;5;Mari
2019_01;FE;V.29;Croton gracilescens;10;Mari
2019_01;FE;V.30;Croton gracilescens;20;Mari
2019_01;FE;V.30;Hyptis remota;5;Mari
2019_01;FE;V.30;Chamaecrista claussenii;5;Mari
2019_01;FE;V.30;Heteropterys pannosa;10;Mari
2019_01;FE;V.30;Ichthyothere hirsuta;10;Mari
2019_01;FE;V.30;Eriope sp;5;Mari
2019_01;FE;V.30;Gymneia chapadensis;10;Mari
2019_01;FE;V.30;Senega poaya;1;Mari
2019_01;FE;V.30;Croton gracilescens;5;Mari
2019_01;FE;V.30;Tibouchina melastomoides;5;Mari
2020_01;BF;10.1;Croton gracilescens;5;Cassy
2020_01;BF;10.1;Eriope sp;1;Cassy
2020_01;BF;10.1;Hypenia sp;5;Cassy
2020_01;BF;10.1;Hyptis remota;5;Cassy
2020_01;BF;10.1;Medusantha mollissima;1;Cassy
2020_01;BF;10.1;Ruellia trachyphylla;10;Cassy
2020_01;BF;10.1;Pseudotrimezia juncifolia;1;Cassy
2020_01;BF;10.10;Aldama bracteata;10;Vagner
2020_01;BF;10.10;Chamaecrista claussenii;30;Vagner
2020_01;BF;10.10;Chamaecrista isidorea;10;Vagner
2020_01;BF;10.10;Croton gracilescens;5;Vagner
2020_01;BF;10.10;Deianira pallescens;1;Vagner
2020_01;BF;10.10;Heteropterys pannosa;1;Vagner
2020_01;BF;10.10;Hyptis remota;1;Cassy
2020_01;BF;10.2;Croton gracilescens;1;Cassy
2020_01;BF;10.2;Declieuxia lancifolia;1;Cassy
2020_01;BF;10.2;Eriope sp;1;Cassy
2020_01;BF;10.2;Gymneia chapadensis;5;Cassy
2020_01;BF;10.2;Heteropterys pannosa;5;Cassy
2020_01;BF;10.2;Distimake ericoides;1;Cassy
2020_01;BF;10.2;Ruellia trachyphylla;20;Cassy
2020_01;BF;10.2;Cayaponia weddellii;20;Cassy
2020_01;BF;10.3;Aldama bracteata;1;Cassy
2020_01;BF;10.3;Amasonia hirta;5;Cassy
2020_01;BF;10.3;Croton gracilescens;5;Cassy
2020_01;BF;10.3;Gymneia chapadensis;10;Cassy
2020_01;BF;10.3;Hypenia sp;1;Cassy
2020_01;BF;10.3;Hyptis remota;5;Cassy
2020_01;BF;10.3;Kielmeyera rubriflora;10;Cassy
2020_01;BF;10.3;Oxalis pyrenea var. macrochaeta;1;Cassy
2020_01;BF;10.4;Calolisianthus speciosus;5;Cassy
2020_01;BF;10.4;Croton gracilescens;5;Cassy
2020_01;BF;10.4;Eriope sp;5;Cassy
2020_01;BF;10.4;Gymneia chapadensis;10;Cassy
2020_01;BF;10.4;Heteropterys pannosa;5;Cassy
2020_01;BF;10.4;Hypenia sp;5;Cassy
2020_01;BF;10.4;Medusantha mollissima;1;Cassy
2020_01;BF;10.4;Ruellia trachyphylla;30;Cassy
2020_01;BF;10.4;Borreria tenella;1;Cassy
2020_01;BF;10.5;Chamaecrista ochrosperma;20;Cassy
2020_01;BF;10.5;Croton gracilescens;1;Cassy
2020_01;BF;10.5;Cuphea hyssopoides;5;Cassy
2020_01;BF;10.5;Eriope sp;1;Cassy
2020_01;BF;10.5;Kielmeyera rubriflora;10;Cassy
2020_01;BF;10.6;Calolisianthus speciosus;1;Cassy
2020_01;BF;10.6;Chamaecrista claussenii;30;Cassy
2020_01;BF;10.6;Croton gracilescens;5;Cassy
2020_01;BF;10.6;Cuphea hyssopoides;1;Cassy
2020_01;BF;10.6;Eriope sp;1;Cassy
2020_01;BF;10.6;Gymneia chapadensis;1;Cassy
2020_01;BF;10.6;Hemipogon acerosus;5;Cassy
2020_01;BF;10.6;Hypenia sp;1;Cassy
2020_01;BF;10.6;Medusantha mollissima;5;Cassy
2020_01;BF;10.6;Ruellia nitens;20;Cassy
2020_01;BF;10.6;Borreria tenella;1;Cassy
2020_01;BF;10.7;Calolisianthus speciosus;1;Vagner
2020_01;BF;10.7;Croton gracilescens;10;Vagner
2020_01;BF;10.7;Diplusodon paraisoensis;5;Vagner
2020_01;BF;10.7;Eriope sp;1;Vagner
2020_01;BF;10.7;Gymneia chapadensis;5;Vagner
2020_01;BF;10.7;Hemipogon acerosus;5;Vagner
2020_01;BF;10.7;Heteropterys pannosa;10;Vagner
2020_01;BF;10.7;Hypenia sp;5;Vagner
2020_01;BF;10.7;Hyptis remota;5;Vagner
2020_01;BF;10.7;Ipomoea paulistana;1;Vagner
2020_01;BF;10.7;Ruellia nitens;10;Vagner
2020_01;BF;10.8;Chamaecrista claussenii;30;Vagner
2020_01;BF;10.8;Cipura xanthomelas;5;Vagner
2020_01;BF;10.8;Croton gracilescens;5;Vagner
2020_01;BF;10.8;Cuphea hyssopoides;5;Vagner
2020_01;BF;10.8;Hypenia sp;5;Vagner
2020_01;BF;10.8;Hyptis remota;1;Vagner
2020_01;BF;10.8;Medusantha mollissima;1;Vagner
2020_01;BF;10.8;Oxalis goyazensis;10;Vagner
2020_01;BF;10.8;Porophyllum obscurum;1;Vagner
2020_01;BF;10.8;Ruellia nitens;10;Vagner
2020_01;BF;10.8;Borreria tenella;1;Vagner
2020_01;BF;10.9;Croton gracilescens;5;Vagner
2020_01;BF;10.9;Deianira pallescens;1;Vagner
2020_01;BF;10.9;Diplusodon paraisoensis;10;Vagner
2020_01;BF;10.9;Hemipogon acerosus;5;Vagner
2020_01;BF;10.9;Heteropterys pannosa;1;Vagner
2020_01;BF;10.9;Hyptis remota;1;Vagner
2020_01;BF;10.9;Manihot kalungae;1;Vagner
2020_01;BF;10.9;Ruellia nitens;5;Vagner
2020_01;FE;12.1;Croton gracilescens;5;Cassy
2020_01;FE;12.1;Eriosema congestum;30;Cassy
2020_01;FE;12.1;Gymneia chapadensis;10;Cassy
2020_01;FE;12.1;Kielmeyera rubriflora;20;Cassy
2020_01;FE;12.1;Medusantha mollissima;5;Cassy
2020_01;FE;12.1;Trixis glutinosa;1;Cassy
2020_01;FE;12.10;Cayaponia weddellii;1;Vagner
2020_01;FE;12.10;Croton gracilescens;5;Vagner
2020_01;FE;12.10;Eriope sp;5;Vagner
2020_01;FE;12.10;Gymneia chapadensis;1;Vagner
2020_01;FE;12.10;Pseudotrimezia juncifolia;5;Vagner
2020_01;FE;12.10;Ruellia trachyphylla;5;Vagner
2020_01;FE;12.2;Croton gracilescens;1;Cassy
2020_01;FE;12.2;Eriope sp;1;Cassy
2020_01;FE;12.2;Medusantha mollissima;5;Cassy
2020_01;FE;12.2;Oxalis pyrenea var. macrochaeta;5;Cassy
2020_01;FE;12.3;Ayapana amygdalina;20;Cassy
2020_01;FE;12.3;Borreria tenella;1;Cassy
2020_01;FE;12.3;Croton gracilescens;10;Cassy
2020_01;FE;12.3;Distimake ericoides;5;Cassy
2020_01;FE;12.3;Eriope sp;1;Cassy
2020_01;FE;12.3;Gymneia chapadensis;5;Cassy
2020_01;FE;12.3;Hypenia sp;1;Cassy
2020_01;FE;12.3;Kielmeyera rubriflora;30;Cassy
2020_01;FE;12.3;Lippia horridula;1;Cassy
2020_01;FE;12.4;Anemopaegma arvense;1;Cassy
2020_01;FE;12.4;Croton gracilescens;5;Cassy
2020_01;FE;12.4;Eriope sp;1;Cassy
2020_01;FE;12.4;Galactia sp;10;Cassy
2020_01;FE;12.4;Gymneia chapadensis;1;Cassy
2020_01;FE;12.4;Justicia lanstyakii;5;Cassy
2020_01;FE;12.4;Lippia horridula;1;Cassy
2020_01;FE;12.4;Medusantha mollissima;5;Cassy
2020_01;FE;12.5;Croton gracilescens;5;Cassy
2020_01;FE;12.5;Cuphea hyssopoides;5;Cassy
2020_01;FE;12.5;Eriope sp;1;Cassy
2020_01;FE;12.5;Gymneia chapadensis;20;Cassy
2020_01;FE;12.5;Hemipogon acerosus;1;Cassy
2020_01;FE;12.5;Manihot kalungae;1;Cassy
2020_01;FE;12.5;Medusantha mollissima;1;Cassy
2020_01;FE;12.5;Ruellia trachyphylla;20;Cassy
2020_01;FE;12.5;Ruellia nitens;5;Cassy
2020_01;FE;12.6;Bernardia hirsutissima;5;Vagner
2020_01;FE;12.6;Borreria tenella;1;Vagner
2020_01;FE;12.6;Chamaecrista isidorea;5;Vagner
2020_01;FE;12.6;Croton gracilescens;5;Vagner
2020_01;FE;12.6;Hyptis remota;5;Vagner
2020_01;FE;12.6;Kielmeyera rubriflora;10;Vagner
2020_01;FE;12.6;Medusantha mollissima;5;Vagner
2020_01;FE;12.6;Mimosa gracilis;1;Vagner
2020_01;FE;12.6;Pombalia lanata;5;Vagner
2020_01;FE;12.6;Ruellia nitens;5;Vagner
2020_01;FE;12.6;Tibouchina melastomoides;10;Vagner
2020_01;FE;12.7;Cuphea spermacoce;5;Vagner
2020_01;FE;12.7;Chamaecrista isidorea;5;Vagner
2020_01;FE;12.7;Croton gracilescens;1;Vagner
2020_01;FE;12.7;Heteropterys pannosa;5;Vagner
2020_01;FE;12.7;Ipomoea paulistana;1;Vagner
2020_01;FE;12.7;Manihot kalungae;1;Vagner
2020_01;FE;12.7;Mimosa gracilis;1;Vagner
2020_01;FE;12.7;Porophyllum obscurum;1;Vagner
2020_01;FE;12.7;Ruellia trachyphylla;5;Vagner
2020_01;FE;12.7;Ruellia angustior;5;Vagner
2020_01;FE;12.8;Bernardia hirsutissima;5;Vagner
2020_01;FE;12.8;Croton gracilescens;5;Vagner
2020_01;FE;12.8;Euphorbia potentilloides ;5;Vagner
2020_01;FE;12.8;Gymneia chapadensis;5;Vagner
2020_01;FE;12.8;Justicia lanstyakii;5;Vagner
2020_01;FE;12.8;Lippia horridula;5;Vagner
2020_01;FE;12.8;Medusantha mollissima;1;Vagner
2020_01;FE;12.8;Ruellia trachyphylla;20;Vagner
2020_01;FE;12.9;Chamaecrista claussenii;5;Vagner
2020_01;FE;12.9;Croton gracilescens;5;Vagner
2020_01;FE;12.9;Eriope sp;1;Vagner
2020_01;FE;12.9;Eriosema congestum;5;Vagner
2020_01;FE;12.9;Gymneia chapadensis;5;Vagner
2020_01;FE;12.9;Heteropterys pannosa;1;Vagner
2020_01;FE;12.9;Ichthyothere hirsuta;1;Vagner
2020_01;FE;12.9;Peltea macedoi;5;Vagner
2020_01;FE;12.9;Ruellia trachyphylla;10;Vagner
2020_01;FE;12.9;Tibouchina melastomoides;5;Vagner
2020_01;FE;13.1;Croton gracilescens;10;Vagner
2020_01;FE;13.1;Euphorbia potentilloides ;1;Vagner
2020_01;FE;13.1;Gymneia chapadensis;1;Vagner
2020_01;FE;13.1;Ichthyothere hirsuta;1;Vagner
2020_01;FE;13.10;Ancistrotropis firmula;30;Cassy
2020_01;FE;13.10;Borreria tenella;1;Cassy
2020_01;FE;13.10;Chamaecrista isidorea;20;Cassy
2020_01;FE;13.10;Cipura xanthomelas;5;Cassy
2020_01;FE;13.10;Croton gracilescens;5;Cassy
2020_01;FE;13.10;Cuphea hyssopoides;1;Cassy
2020_01;FE;13.10;Eriope sp;1;Cassy
2020_01;FE;13.10;Hypenia sp;10;Cassy
2020_01;FE;13.10;Hyptis remota;10;Cassy
2020_01;FE;13.10;Kielmeyera abdita;5;Cassy
2020_01;FE;13.10;Mimosa cavalcantina;5;Cassy
2020_01;FE;13.2;Anemopaegma arvense;1;Vagner
2020_01;FE;13.2;Borreria tenella;1;Vagner
2020_01;FE;13.2;Byttneria jaculifolia;5;Vagner
2020_01;FE;13.2;Calliandra dysantha;5;Vagner
2020_01;FE;13.2;Croton gracilescens;5;Vagner
2020_01;FE;13.2;Eriope sp;1;Vagner
2020_01;FE;13.2;Gymneia chapadensis;1;Vagner
2020_01;FE;13.2;Heteropterys pannosa;5;Vagner
2020_01;FE;13.2;Hypenia sp;5;Vagner
2020_01;FE;13.2;Mimosa cavalcantina;5;Vagner
2020_01;FE;13.2;Mimosa gracilis;5;Vagner
2020_01;FE;13.2;Pombalia lanata;1;Vagner
2020_01;FE;13.2;Tibouchina melastomoides;10;Vagner
2020_01;FE;13.3;Ancistrotropis firmula;5;Vagner
2020_01;FE;13.3;Croton gracilescens;10;Vagner
2020_01;FE;13.3;Ctenodon paniculatus;10;Vagner
2020_01;FE;13.3;Eriope sp;5;Vagner
2020_01;FE;13.3;Eriosema congestum;10;Vagner
2020_01;FE;13.3;Euphorbia potentilloides ;5;Vagner
2020_01;FE;13.3;Ichthyothere hirsuta;1;Vagner
2020_01;FE;13.3;Oxalis pyrenea var. macrochaeta;1;Vagner
2020_01;FE;13.3;Ruellia trachyphylla;1;Vagner
2020_01;FE;13.4;Camarea ericoides;1;Vagner
2020_01;FE;13.4;Chamaecrista claussenii;5;Vagner
2020_01;FE;13.4;Croton gracilescens;10;Vagner
2020_01;FE;13.4;Diplusodon paraisoensis;1;Vagner
2020_01;FE;13.4;Eriope sp;10;Vagner
2020_01;FE;13.4;Eriosema congestum;20;Vagner
2020_01;FE;13.4;Gymneia chapadensis;5;Vagner
2020_01;FE;13.4;Ichthyothere hirsuta;1;Vagner
2020_01;FE;13.4;Oxalis pyrenea var. macrochaeta;1;Vagner
2020_01;FE;13.4;Pseudotrimezia juncifolia;1;Vagner
2020_01;FE;13.4;Ruellia trachyphylla;5;Vagner
2020_01;FE;13.4;Turnera emendata;5;Vagner
2020_01;FE;13.5;Croton gracilescens;5;Vagner
2020_01;FE;13.5;Ctenodon paniculatus;1;Vagner
2020_01;FE;13.5;Cuphea spermacoce;1;Vagner
2020_01;FE;13.5;Eriope sp;1;Vagner
2020_01;FE;13.5;Eriosema congestum;10;Vagner
2020_01;FE;13.5;Euphorbia potentilloides ;1;Vagner
2020_01;FE;13.5;Gymneia chapadensis;5;Vagner
2020_01;FE;13.5;Pseudotrimezia juncifolia;1;Vagner
2020_01;FE;13.6;Aldama grandiflora;10;Vagner
2020_01;FE;13.6;Chamaecrista isidorea;10;Vagner
2020_01;FE;13.6;Croton gracilescens;1;Vagner
2020_01;FE;13.6;Eriope sp;5;Vagner
2020_01;FE;13.6;Euphorbia potentilloides ;1;Vagner
2020_01;FE;13.6;Heteropterys pannosa;1;Vagner
2020_01;FE;13.6;Ipomoea paulistana;10;Vagner
2020_01;FE;13.6;Turnera emendata;1;Vagner
2020_01;FE;13.7;Borreria tenella;1;Cassy
2020_01;FE;13.7;Chamaecrista claussenii;10;Cassy
2020_01;FE;13.7;Croton gracilescens;10;Cassy
2020_01;FE;13.7;Eriope sp;1;Cassy
2020_01;FE;13.7;Euphorbia potentilloides ;1;Cassy
2020_01;FE;13.7;Gymneia chapadensis;1;Cassy
2020_01;FE;13.7;Heteropterys pannosa;1;Cassy
2020_01;FE;13.7;Medusantha mollissima;5;Cassy
2020_01;FE;13.7;Mimosa gracilis;1;Cassy
2020_01;FE;13.7;Pseudotrimezia juncifolia;1;Cassy
2020_01;FE;13.7;Ruellia trachyphylla;1;Cassy
2020_01;FE;13.8;Borreria tenella;1;Cassy
2020_01;FE;13.8;Croton gracilescens;5;Cassy
2020_01;FE;13.8;Eriope sp;1;Cassy
2020_01;FE;13.8;Euphorbia potentilloides ;1;Cassy
2020_01;FE;13.8;Galactia sp;10;Cassy
2020_01;FE;13.8;Gymneia chapadensis;1;Cassy
2020_01;FE;13.8;Ipomoea paulistana;1;Cassy
2020_01;FE;13.8;Kielmeyera rubriflora;10;Cassy
2020_01;FE;13.8;Ruellia trachyphylla;5;Cassy
2020_01;FE;13.8;Tibouchina melastomoides;10;Cassy
2020_01;FE;13.9;Camarea ericoides;1;Cassy
2020_01;FE;13.9;Croton gracilescens;1;Cassy
2020_01;FE;13.9;Dalechampia linearis;30;Cassy
2020_01;FE;13.9;Eriope sp;1;Cassy
2020_01;FE;13.9;Euphorbia potentilloides ;1;Cassy
2020_01;FE;13.9;Gymneia chapadensis;1;Cassy
2020_01;FE;13.9;Heteropterys pannosa;1;Cassy
2020_01;FE;13.9;Hyptis remota;1;Cassy
2020_01;FE;13.9;Oxalis pyrenea var. macrochaeta;1;Cassy
2020_01;BF;17.1;Calliandra dysantha;20;Cassy
2020_01;BF;17.1;Chamaecrista claussenii;20;Cassy
2020_01;BF;17.1;Senega celosioides;1;Cassy
2020_01;BF;17.1;Ctenodon paniculatus;5;Cassy
2020_01;BF;17.1;Aldama grandiflora;10;Cassy
2020_01;BF;17.1;Bernardia hirsutissima;5;Cassy
2020_01;BF;17.1;Chamaecrista claussenii;30;Cassy
2020_01;BF;17.1;Croton gracilescens;30;Cassy
2020_01;BF;17.1;Diplusodon paraisoensis;1;Cassy
2020_01;BF;17.1;Gymneia chapadensis;5;Cassy
2020_01;BF;17.1;Hemipogon acerosus;5;Cassy
2020_01;BF;17.1;Heteropterys pannosa;30;Cassy
2020_01;BF;17.1;Hyptis remota;30;Cassy
2020_01;BF;17.1;Ipomoea fiebrigii;20;Cassy
2020_01;BF;17.1;Justicia lanstyakii;10;Cassy
2020_01;BF;17.1;Medusantha mollissima;5;Cassy
2020_01;BF;17.1;Ruellia nitens;10;Cassy
2020_01;BF;17.10;Ctenodon paniculatus;5;Vagner
2020_01;BF;17.10;Bernardia hirsutissima;20;Vagner
2020_01;BF;17.10;Chamaecrista claussenii;10;Vagner
2020_01;BF;17.10;Chamaecrista ochrosperma;10;Vagner
2020_01;BF;17.10;Croton gracilescens;10;Vagner
2020_01;BF;17.10;Cuphea hyssopoides;5;Vagner
2020_01;BF;17.10;Euphorbia potentilloides;1;Vagner
2020_01;BF;17.10;Gymneia chapadensis;10;Vagner
2020_01;BF;17.10;Heteropterys pannosa;10;Vagner
2020_01;BF;17.10;Hyptis remota;5;Vagner
2020_01;BF;17.10;Justicia lanstyakii;10;Vagner
2020_01;BF;17.10;Mimosa gracilis;20;Vagner
2020_01;BF;17.10;Tibouchina melastomoides;1;Vagner
2020_01;BF;17.10;Pseudotrimezia juncifolia;5;Vagner
2020_01;BF;17.10;Trixis glutinosa;5;Vagner
2020_01;BF;17.2;Senega celosioides;1;Cassy
2020_01;BF;17.2;Aldama grandiflora;10;Cassy
2020_01;BF;17.2;Calliandra dysantha;20;Cassy
2020_01;BF;17.2;Croton gracilescens;10;Cassy
2020_01;BF;17.2;Diplusodon paraisoensis;1;Cassy
2020_01;BF;17.2;Euphorbia potentilloides;10;Cassy
2020_01;BF;17.2;Hyptis remota;20;Cassy
2020_01;BF;17.2;Ichthyothere hirsuta;10;Cassy
2020_01;BF;17.2;Medusantha mollissima;10;Cassy
2020_01;BF;17.2;Ruellia nitens;10;Cassy
2020_01;BF;17.2;Tibouchina melastomoides;10;Cassy
2020_01;BF;17.2;Lippia horridula;1;Cassy
2020_01;BF;17.3;Aldama grandiflora;10;Cassy
2020_01;BF;17.3;Chamaecrista isidorea;10;Cassy
2020_01;BF;17.3;Chamaecrista ochrosperma;20;Cassy
2020_01;BF;17.3;Gymneia chapadensis;5;Cassy
2020_01;BF;17.3;Heteropterys pannosa;10;Cassy
2020_01;BF;17.3;Justicia lanstyakii;5;Cassy
2020_01;BF;17.3;Kielmeyera rubriflora;30;Cassy
2020_01;BF;17.3;Medusantha mollissima;5;Cassy
2020_01;BF;17.3;Mimosa macrocephala;10;Cassy
2020_01;BF;17.3;Borreria tenella;1;Cassy
2020_01;BF;17.5;Ctenodon paniculatus;10;Cassy
2020_01;BF;17.5;Aldama grandiflora;5;Cassy
2020_01;BF;17.5;Calliandra dysantha;30;Cassy
2020_01;BF;17.5;Croton gracilescens;20;Cassy
2020_01;BF;17.5;Cuphea hyssopoides;20;Cassy
2020_01;BF;17.5;Cuphea spermacoce;5;Cassy
2020_01;BF;17.5;Eriope sp;5;Cassy
2020_01;BF;17.5;Euphorbia potentilloides;1;Cassy
2020_01;BF;17.5;Gymneia chapadensis;5;Cassy
2020_01;BF;17.5;Heteropterys pannosa;10;Cassy
2020_01;BF;17.5;Hyptis remota;5;Cassy
2020_01;BF;17.5;Ruellia angustior;5;Cassy
2020_01;BF;17.5;Ruellia trachyphylla;20;Cassy
2020_01;BF;17.5;Borreria tenella;1;Cassy
2020_01;BF;17.5;Tibouchina melastomoides;20;Cassy
2020_01;BF;17.5;Lippia horridula;30;Cassy
2020_01;BF;17.6;Calliandra dysantha;5;Cassy
2020_01;BF;17.6;Chamaecrista ochrosperma;30;Cassy
2020_01;BF;17.6;Croton gracilescens;10;Cassy
2020_01;BF;17.6;Borreria tenella;1;Cassy
2020_01;BF;17.7;Ctenodon paniculatus;1;Vagner
2020_01;BF;17.7;Aldama grandiflora;10;Vagner
2020_01;BF;17.7;Calliandra dysantha;5;Vagner
2020_01;BF;17.7;Croton gracilescens;10;Vagner
2020_01;BF;17.7;Cuphea hyssopoides;1;Vagner
2020_01;BF;17.7;Diplusodon paraisoensis;1;Vagner
2020_01;BF;17.7;Gymneia chapadensis;10;Vagner
2020_01;BF;17.7;Justicia lanstyakii;5;Vagner
2020_01;BF;17.7;Ruellia nitens;5;Vagner
2020_01;BF;17.8;Aldama grandiflora;10;Vagner
2020_01;BF;17.8;Calliandra dysantha;10;Vagner
2020_01;BF;17.8;Croton gracilescens;20;Vagner
2020_01;BF;17.8;Gymneia chapadensis;5;Vagner
2020_01;BF;17.8;Heteropterys pannosa;10;Vagner
2020_01;BF;17.8;Ruellia trachyphylla;10;Vagner
2020_01;BF;17.8;Borreria tenella;1;Vagner
2020_01;BF;17.9;Ctenodon paniculatus;10;Vagner
2020_01;BF;17.9;Aldama grandiflora;1;Vagner
2020_01;BF;17.9;Chamaecrista ochrosperma;10;Vagner
2020_01;BF;17.9;Cipura xanthomelas;5;Vagner
2020_01;BF;17.9;Croton gracilescens;10;Vagner
2020_01;BF;17.9;Gymneia chapadensis;5;Vagner
2020_01;BF;17.9;Heteropterys pannosa;10;Vagner
2020_01;BF;17.9;Hyptis remota;1;Vagner
2020_01;BF;17.9;Ruellia trachyphylla;10;Vagner
2020_01;BF;2.1;Lippia horridula;5;Vagner
2020_01;BF;2.1;Calliandra dysantha;5;Vagner
2020_01;BF;2.1;Chamaecrista claussenii;10;Vagner
2020_01;BF;2.1;Croton gracilescens;5;Vagner
2020_01;BF;2.1;Hemipogon acerosus;1;Vagner
2020_01;BF;2.1;Heteropterys pannosa;20;Vagner
2020_01;BF;2.1;Hyptis remota;20;Vagner
2020_01;BF;2.1;Oxalis goyazensis;5;Vagner
2020_01;BF;2.1;Ruellia trachyphylla;20;Vagner
2020_01;BF;2.1;Tibouchina melastomoides;1;Vagner
2020_01;BF;2.10;Lippia horridula;1;Vagner
2020_01;BF;2.10;Calolisianthus speciosus;5;Vagner
2020_01;BF;2.10;Camarea ericoides;10;Vagner
2020_01;BF;2.10;Croton gracilescens;5;Vagner
2020_01;BF;2.10;Heteropterys pannosa;20;Vagner
2020_01;BF;2.10;Hyptis remota;10;Vagner
2020_01;BF;2.10;Mimosa gracilis;1;Vagner
2020_01;BF;2.10;Ruellia nitens;1;Vagner
2020_01;BF;2.10;Tibouchina melastomoides;5;Vagner
2020_01;BF;2.10;Tibouchina melastomoides;1;Vagner
2020_01;BF;2.10;Borreria tenella;1;Vagner
2020_01;BF;2.2;Lippia horridula;1;Vagner
2020_01;BF;2.2;Chamaecrista claussenii;30;Vagner
2020_01;BF;2.2;Chamaecrista ochrosperma;10;Vagner
2020_01;BF;2.2;Croton gracilescens;1;Vagner
2020_01;BF;2.2;Heteropterys pannosa;20;Vagner
2020_01;BF;2.2;Manihot kalungae;5;Vagner
2020_01;BF;2.2;Mimosa gracilis;5;Vagner
2020_01;BF;2.2;Ruellia trachyphylla;10;Vagner
2020_01;BF;2.2;Trixis glutinosa;5;Vagner
2020_01;BF;2.2;Senega poaya;1;Vagner
2020_01;BF;2.3;Aldama grandiflora;1;Vagner
2020_01;BF;2.3;Anemopaegma arvense;10;Vagner
2020_01;BF;2.3;Calolisianthus speciosus;1;Vagner
2020_01;BF;2.3;Croton gracilescens;5;Vagner
2020_01;BF;2.3;Euphorbia potentilloides;5;Vagner
2020_01;BF;2.3;Gymneia chapadensis;5;Vagner
2020_01;BF;2.3;Mimosa gracilis;1;Vagner
2020_01;BF;2.3;Ruellia trachyphylla;10;Vagner
2020_01;BF;2.4;Anemopaegma arvense;10;Vagner
2020_01;BF;2.4;Bernardia hirsutissima;1;Vagner
2020_01;BF;2.4;Croton gracilescens;5;Vagner
2020_01;BF;2.4;Eriope sp;1;Vagner
2020_01;BF;2.4;Euphorbia potentilloides;5;Vagner
2020_01;BF;2.4;Gymneia chapadensis;10;Vagner
2020_01;BF;2.4;Hyptis remota;20;Vagner
2020_01;BF;2.4;Porophyllum obscurum;1;Vagner
2020_01;BF;2.4;Ruellia trachyphylla;1;Vagner
2020_01;BF;2.5;Lippia horridula;1;Vagner
2020_01;BF;2.5;Chamaecrista claussenii;20;Vagner
2020_01;BF;2.5;Croton gracilescens;5;Vagner
2020_01;BF;2.5;Eriope sp;1;Vagner
2020_01;BF;2.5;Eriosema congestum;20;Vagner
2020_01;BF;2.5;Heteropterys pannosa;10;Vagner
2020_01;BF;2.5;Hyptis remota;1;Vagner
2020_01;BF;2.5;Mimosa gracilis;1;Vagner
2020_01;BF;2.5;Ruellia trachyphylla;20;Vagner
2020_01;BF;2.5;Sisyrinchium luzula;5;Vagner
2020_01;BF;2.5;Borreria tenella;1;Vagner
2020_01;BF;2.5;Tibouchina melastomoides;1;Vagner
2020_01;BF;2.6;Ayapana amygdalina;5;Vagner
2020_01;BF;2.6;Chamaecrista ochrosperma;10;Vagner
2020_01;BF;2.6;Croton gracilescens;5;Vagner
2020_01;BF;2.6;Deianira pallescens;5;Vagner
2020_01;BF;2.6;Hyptis remota;1;Vagner
2020_01;BF;2.6;Justicia lanstyakii;5;Vagner
2020_01;BF;2.6;Mimosa gracilis;5;Vagner
2020_01;BF;2.7;Chamaecrista ochrosperma;5;Vagner
2020_01;BF;2.7;Croton gracilescens;5;Vagner
2020_01;BF;2.7;Eriope sp;1;Vagner
2020_01;BF;2.7;Gymneia chapadensis;1;Vagner
2020_01;BF;2.7;Ipomoea paulistana;1;Vagner
2020_01;BF;2.7;Manihot kalungae;1;Vagner
2020_01;BF;2.7;Mimosa gracilis;1;Vagner
2020_01;BF;2.7;Ruellia nitens;5;Vagner
2020_01;BF;2.8;Croton gracilescens;5;Vagner
2020_01;BF;2.8;Crumenaria choretroides;1;Vagner
2020_01;BF;2.8;Diplusodon paraisoensis;5;Vagner
2020_01;BF;2.8;Eriope sp;1;Vagner
2020_01;BF;2.8;Hyptis remota;5;Vagner
2020_01;BF;2.8;Mimosa gracilis;10;Vagner
2020_01;BF;2.8;Oxalis pyrenea var. macrochaeta;1;Vagner
2020_01;BF;2.8;Porophyllum obscurum;1;Vagner
2020_01;BF;2.8;Ruellia trachyphylla;30;Vagner
2020_01;BF;2.8;Borreria tenella;1;Vagner
2020_01;BF;2.9;Lippia horridula;1;Vagner
2020_01;BF;2.9;Croton gracilescens;1;Vagner
2020_01;BF;2.9;Eriope sp;1;Vagner
2020_01;BF;2.9;Justicia lanstyakii;1;Vagner
2020_01;BF;2.9;Mimosa gracilis;1;Vagner
2020_01;BF;23.1;Aldama grandiflora;20;Vagner
2020_01;BF;23.1;Bernardia hirsutissima;1;Vagner
2020_01;BF;23.1;Chamaecrista fagonioides;1;Vagner
2020_01;BF;23.1;Chamaecrista ochrosperma;5;Vagner
2020_01;BF;23.1;Croton gracilescens;5;Vagner
2020_01;BF;23.1;Eriosema congestum;20;Vagner
2020_01;BF;23.1;Euphorbia potentilloides;5;Vagner
2020_01;BF;23.1;Heteropterys pannosa;20;Vagner
2020_01;BF;23.1;Hyptis remota;10;Vagner
2020_01;BF;23.1;Ichthyothere hirsuta;1;Vagner
2020_01;BF;23.1;Justicia lanstyakii;5;Vagner
2020_01;BF;23.1;Mimosa macrocephala;20;Vagner
2020_01;BF;23.1;Ruellia trachyphylla;30;Vagner
2020_01;BF;23.10;Amasonia hirta;1;Vagner
2020_01;BF;23.10;Bernardia hirsutissima;5;Vagner
2020_01;BF;23.10;Calolisianthus speciosus;5;Vagner
2020_01;BF;23.10;Chamaecrista claussenii;1;Vagner
2020_01;BF;23.10;Croton gracilescens;10;Vagner
2020_01;BF;23.10;Eriope sp;5;Vagner
2020_01;BF;23.10;Gymneia chapadensis;1;Vagner
2020_01;BF;23.10;Heteropterys pannosa;5;Vagner
2020_01;BF;23.10;Hyptis remota;20;Vagner
2020_01;BF;23.10;Mimosa gracilis;5;Vagner
2020_01;BF;23.10;Ruellia nitens;5;Vagner
2020_01;BF;23.2;Aldama grandiflora;10;Vagner
2020_01;BF;23.2;Calliandra dysantha;20;Vagner
2020_01;BF;23.2;Calolisianthus speciosus;5;Vagner
2020_01;BF;23.2;Croton gracilescens;10;Vagner
2020_01;BF;23.2;Deianira pallescens;1;Vagner
2020_01;BF;23.2;Eriope sp;1;Vagner
2020_01;BF;23.2;Euphorbia potentilloides;1;Vagner
2020_01;BF;23.2;Gymneia chapadensis;1;Vagner
2020_01;BF;23.2;Hyptis remota;10;Vagner
2020_01;BF;23.2;Justicia lanstyakii;10;Vagner
2020_01;BF;23.2;Medusantha mollissima;5;Vagner
2020_01;BF;23.2;Tibouchina melastomoides;10;Vagner
2020_01;BF;23.3;Ctenodon paniculatus;1;Vagner
2020_01;BF;23.3;Camarea ericoides;10;Vagner
2020_01;BF;23.3;Chamaecrista claussenii;20;Vagner
2020_01;BF;23.3;Chamaecrista isidorea;20;Vagner
2020_01;BF;23.3;Cipura xanthomelas;1;Vagner
2020_01;BF;23.3;Croton gracilescens;10;Vagner
2020_01;BF;23.3;Deianira pallescens;1;Vagner
2020_01;BF;23.3;Eriope sp;10;Vagner
2020_01;BF;23.3;Euphorbia potentilloides;5;Vagner
2020_01;BF;23.3;Hyptis remota;1;Vagner
2020_01;BF;23.3;Ichthyothere hirsuta;1;Vagner
2020_01;BF;23.3;Justicia lanstyakii;1;Vagner
2020_01;BF;23.3;Medusantha mollissima;10;Vagner
2020_01;BF;23.3;Oxalis goyazensis;10;Vagner
2020_01;BF;23.4;Aldama grandiflora;10;Vagner
2020_01;BF;23.4;Chamaecrista claussenii;10;Vagner
2020_01;BF;23.4;Chamaecrista ochrosperma;10;Vagner
2020_01;BF;23.4;Croton gracilescens;5;Vagner
2020_01;BF;23.4;Euphorbia potentilloides;5;Vagner
2020_01;BF;23.4;Gymneia chapadensis;10;Vagner
2020_01;BF;23.4;Hyptis remota;10;Vagner
2020_01;BF;23.4;Tibouchina melastomoides;5;Vagner
2020_01;BF;23.5;Anemopaegma arvense;5;Vagner
2020_01;BF;23.5;Chamaecrista claussenii;10;Vagner
2020_01;BF;23.5;Chamaecrista isidorea;5;Vagner
2020_01;BF;23.5;Cipura xanthomelas;5;Vagner
2020_01;BF;23.5;Croton gracilescens;20;Vagner
2020_01;BF;23.5;Cuphea hyssopoides;5;Vagner
2020_01;BF;23.5;Eriope sp;5;Vagner
2020_01;BF;23.5;Euphorbia potentilloides;5;Vagner
2020_01;BF;23.5;Gymneia chapadensis;5;Vagner
2020_01;BF;23.5;Hyptis remota;20;Vagner
2020_01;BF;23.5;Ichthyothere hirsuta;5;Vagner
2020_01;BF;23.5;Justicia lanstyakii;10;Vagner
2020_01;BF;23.5;Medusantha mollissima;5;Vagner
2020_01;BF;23.5;Ruellia angustior;20;Vagner
2020_01;BF;23.5;Borreria tenella;1;Vagner
2020_01;BF;23.5;Tibouchina melastomoides;5;Vagner
2020_01;BF;23.5;Pseudotrimezia juncifolia;1;Vagner
2020_01;BF;23.6;Senega abreui;1;Vagner
2020_01;BF;23.6;Ctenodon paniculatus;5;Vagner
2020_01;BF;23.6;Calliandra dysantha;20;Vagner
2020_01;BF;23.6;Chamaecrista claussenii;5;Vagner
2020_01;BF;23.6;Croton gracilescens;20;Vagner
2020_01;BF;23.6;Euphorbia potentilloides;1;Vagner
2020_01;BF;23.6;Hemipogon acerosus;5;Vagner
2020_01;BF;23.6;Hyptis remota;1;Vagner
2020_01;BF;23.6;Ichthyothere hirsuta;10;Vagner
2020_01;BF;23.6;Mimosa gracilis;5;Vagner
2020_01;BF;23.6;Ruellia angustior;10;Vagner
2020_01;BF;23.7;Tibouchina melastomoides;5;Vagner
2020_01;BF;23.7;Bernardia hirsutissima;1;Vagner
2020_01;BF;23.7;Calliandra dysantha;20;Vagner
2020_01;BF;23.7;Croton gracilescens;20;Vagner
2020_01;BF;23.7;Gymneia chapadensis;1;Vagner
2020_01;BF;23.7;Hyptis remota;10;Vagner
2020_01;BF;23.7;Ichthyothere hirsuta;10;Vagner
2020_01;BF;23.7;Mimosa gracilis;5;Vagner
2020_01;BF;23.7;Oxalis goyazensis;10;Vagner
2020_01;BF;23.8;Ctenodon paniculatus;5;Vagner
2020_01;BF;23.8;Aldama grandiflora;20;Vagner
2020_01;BF;23.8;Bernardia hirsutissima;10;Vagner
2020_01;BF;23.8;Calliandra dysantha;10;Vagner
2020_01;BF;23.8;Chamaecrista claussenii;20;Vagner
2020_01;BF;23.8;Croton gracilescens;10;Vagner
2020_01;BF;23.8;Cuphea hyssopoides;10;Vagner
2020_01;BF;23.8;Heteropterys pannosa;5;Vagner
2020_01;BF;23.8;Hyptis remota;1;Vagner
2020_01;BF;23.8;Ruellia trachyphylla;20;Vagner
2020_01;BF;23.9;Aldama grandiflora;20;Vagner
2020_01;BF;23.9;Byttneria jaculifolia;5;Vagner
2020_01;BF;23.9;Chamaecrista isidorea;5;Vagner
2020_01;BF;23.9;Croton gracilescens;30;Vagner
2020_01;BF;23.9;Eriope sp;10;Vagner
2020_01;BF;23.9;Euphorbia potentilloides;5;Vagner
2020_01;BF;23.9;Gymneia chapadensis;1;Vagner
2020_01;BF;23.9;Justicia lanstyakii;5;Vagner
2020_01;BF;23.9;Ruellia nitens;1;Vagner
2020_01;BF;23.9;Tibouchina melastomoides;1;Vagner
2020_01;FE;V.21;Chamaecrista claussenii;5;Vagner
2020_01;FE;V.21;Eriope sp;1;Cassy
2020_01;FE;V.21;Justicia lanstyakii;1;Cassy
2020_01;FE;V.21;Ruellia nitens;5;Cassy
2020_01;FE;V.22;Bernardia hirsutissima;1;Cassy
2020_01;FE;V.22;Croton gracilescens;1;Cassy
2020_01;FE;V.22;Eriope sp;1;Cassy
2020_01;FE;V.22;Eriosema congestum;30;Cassy
2020_01;FE;V.22;Gymneia chapadensis;5;Cassy
2020_01;FE;V.22;Hyptis remota;1;Cassy
2020_01;FE;V.22;Medusantha mollissima;10;Cassy
2020_01;FE;V.22;Turnera emendata;1;Cassy
2020_01;FE;V.23;Croton gracilescens;5;Vagner
2020_01;FE;V.23;Eriope sp;1;Vagner
2020_01;FE;V.23;Eriosema congestum;10;Vagner
2020_01;FE;V.23;Euphorbia potentilloides ;10;Vagner
2020_01;FE;V.23;Gymneia chapadensis;10;Vagner
2020_01;FE;V.24;Chamaecrista claussenii;1;Vagner
2020_01;FE;V.24;Croton gracilescens;5;Vagner
2020_01;FE;V.24;Cuphea hyssopoides;5;Vagner
2020_01;FE;V.24;Deianira pallescens;1;Vagner
2020_01;FE;V.24;Heteropterys pannosa;5;Vagner
2020_01;FE;V.24;Hyptis remota;10;Vagner
2020_01;FE;V.24;Ichthyothere hirsuta;5;Vagner
2020_01;FE;V.24;Ipomoea fiebrigii;10;Vagner
2020_01;FE;V.24;Lippia horridula;1;Vagner
2020_01;FE;V.25;Chamaecrista isidorea;5;Vagner
2020_01;FE;V.25;Croton gracilescens;10;Vagner
2020_01;FE;V.25;Cuphea hyssopoides;1;Vagner
2020_01;FE;V.25;Hyptis remota;1;Vagner
2020_01;FE;V.25;Ipomoea fiebrigii;1;Vagner
2020_01;FE;V.25;Mimosa gracilis;5;Vagner
2020_01;FE;V.25;Pombalia lanata;1;Vagner
2020_01;FE;V.25;Porophyllum obscurum;1;Vagner
2020_01;FE;V.25;Ruellia nitens;1;Vagner
2020_01;FE;V.26;Aldama grandiflora;10;Vagner
2020_01;FE;V.26;Asteraceae caule amarelo anguloso;1;Vagner
2020_01;FE;V.26;Croton gracilescens;5;Vagner
2020_01;FE;V.26;Cuphea spermacoce;1;Vagner
2020_01;FE;V.26;Dalechampia linearis;5;Vagner
2020_01;FE;V.26;Gomphrena sp;1;Vagner
2020_01;FE;V.26;Gymneia chapadensis;5;Vagner
2020_01;FE;V.26;Hemipogon acerosus;1;Vagner
2020_01;FE;V.26;Medusantha mollissima;1;Vagner
2020_01;FE;V.26;Oxalis goyazensis;5;Vagner
2020_01;FE;V.26;Pombalia lanata;5;Vagner
2020_01;FE;V.26;Ruellia nitens;1;Vagner
2020_01;FE;V.27;Chamaecrista isidorea;20;Cassy
2020_01;FE;V.27;Cipura xanthomelas;10;Cassy
2020_01;FE;V.27;Croton gracilescens;10;Cassy
2020_01;FE;V.27;Eriope sp;1;Cassy
2020_01;FE;V.27;Gymneia chapadensis;10;Cassy
2020_01;FE;V.27;Manihot kalungae;10;Cassy
2020_01;FE;V.27;Medusantha mollissima;5;Cassy
2020_01;FE;V.27;Mimosa gracilis;5;Cassy
2020_01;FE;V.27;Ruellia trachyphylla;5;Cassy
2020_01;FE;V.28;Croton gracilescens;5;Cassy
2020_01;FE;V.28;Eriope sp;1;Cassy
2020_01;FE;V.28;Eriosema congestum;5;Cassy
2020_01;FE;V.28;Galactia sp;1;Cassy
2020_01;FE;V.28;Ichthyothere hirsuta;1;Cassy
2020_01;FE;V.28;Kielmeyera rubriflora;10;Cassy
2020_01;FE;V.28;Lippia horridula;1;Cassy
2020_01;FE;V.28;Manihot kalungae;5;Cassy
2020_01;FE;V.28;Oxalis pyrenea var. macrochaeta;1;Cassy
2020_01;FE;V.28;Pombalia lanata;1;Cassy
2020_01;FE;V.28;Porophyllum obscurum;1;Cassy
2020_01;FE;V.28;Tibouchina melastomoides;5;Cassy
2020_01;FE;V.29;Calolisianthus speciosus;5;Cassy
2020_01;FE;V.29;Cipura xanthomelas;1;Cassy
2020_01;FE;V.29;Croton gracilescens;1;Cassy
2020_01;FE;V.29;Ichthyothere hirsuta;10;Cassy
2020_01;FE;V.29;Medusantha mollissima;1;Cassy
2020_01;FE;V.29;Ruellia trachyphylla;1;Cassy
2020_01;FE;V.30;Amasonia hirta;1;Cassy
2020_01;FE;V.30;Chamaecrista claussenii;10;Cassy
2020_01;FE;V.30;Croton gracilescens;1;Cassy
2020_01;FE;V.30;Eriope sp;1;Cassy
2020_01;FE;V.30;Gymneia chapadensis;1;Cassy
2020_01;FE;V.30;Ichthyothere hirsuta;1;Cassy
2020_01;FE;V.30;Pombalia lanata;1;Cassy
2020_01;FE;V.30;Tibouchina melastomoides;1;Cassy
2022_02;BF;10.1;Croton gracilescens;1;Cassy
2022_02;BF;10.1;Hypenia sp;1;Cassy
2022_02;BF;10.1;Hyptis remota;1;Cassy
2022_02;BF;10.1;Medusantha mollissima;1;Cassy
2022_02;BF;10.1;Ruellia trachyphylla;1;Cassy
2022_02;BF;10.1;Borreria tenella;1;Cassy
2022_02;BF;10.1;Pseudotrimezia juncifolia;1;Cassy
2022_02;BF;10.10;Chamaecrista claussenii;20;Cassy
2022_02;BF;10.10;Chamaecrista isidorea;1;Cassy
2022_02;BF;10.10;Croton gracilescens;1;Cassy
2022_02;BF;10.10;Hyptis remota;1;Cassy
2022_02;BF;10.2;Croton gracilescens;1;Cassy
2022_02;BF;10.2;Eriope sp;1;Cassy
2022_02;BF;10.2;Ruellia trachyphylla;10;Cassy
2022_02;BF;10.2;Borreria tenella;1;Cassy
2022_02;BF;10.2;Cayaponia weddellii;1;Cassy
2022_02;BF;10.3;Croton gracilescens;1;Cassy
2022_02;BF;10.3;Euphorbia potentilloides;1;Cassy
2022_02;BF;10.3;Gymneia chapadensis;5;Cassy
2022_02;BF;10.3;Hyptis remota;1;Cassy
2022_02;BF;10.3;Kielmeyera rubriflora;1;Cassy
2022_02;BF;10.3;Manihot kalungae;1;Cassy
2022_02;BF;10.3;Mimosa cavalcantina;1;Cassy
2022_02;BF;10.4;Lippia horridula;1;Cassy
2022_02;BF;10.4;Calolisianthus speciosus;1;Cassy
2022_02;BF;10.4;Chamaecrista claussenii;10;Cassy
2022_02;BF;10.4;Croton gracilescens;1;Cassy
2022_02;BF;10.4;Eriope sp;1;Cassy
2022_02;BF;10.4;Euphorbia potentilloides;1;Cassy
2022_02;BF;10.4;Gymneia chapadensis;1;Cassy
2022_02;BF;10.4;Heteropterys pannosa;1;Cassy
2022_02;BF;10.4;Hypenia sp;1;Cassy
2022_02;BF;10.4;Porophyllum obscurum;1;Cassy
2022_02;BF;10.4;Ruellia trachyphylla;10;Cassy
2022_02;BF;10.5;Chamaecrista ochrosperma;20;Cassy
2022_02;BF;10.5;Croton gracilescens;1;Cassy
2022_02;BF;10.5;Cuphea hyssopoides;5;Cassy
2022_02;BF;10.5;Eriope sp;1;Cassy
2022_02;BF;10.5;Hyptis remota;1;Cassy
2022_02;BF;10.5;Ruellia nitens;1;Cassy
2022_02;BF;10.5;Borreria tenella;1;Cassy
2022_02;BF;10.5;Turnera emendata;1;Cassy
2022_02;BF;10.6;Chamaecrista claussenii;20;Cassy
2022_02;BF;10.6;Cipura xanthomelas;1;Cassy
2022_02;BF;10.6;Croton gracilescens;1;Cassy
2022_02;BF;10.6;Cuphea hyssopoides;1;Cassy
2022_02;BF;10.6;Gymneia chapadensis;1;Cassy
2022_02;BF;10.6;Hemipogon acerosus;1;Cassy
2022_02;BF;10.6;Medusantha mollissima;1;Cassy
2022_02;BF;10.6;Ruellia nitens;5;Cassy
2022_02;BF;10.6;Borreria tenella;1;Cassy
2022_02;BF;10.6;Turnera emendata;1;Cassy
2022_02;BF;10.7;Croton gracilescens;1;Cassy
2022_02;BF;10.7;Diplusodon paraisoensis;1;Cassy
2022_02;BF;10.7;Eriope sp;1;Cassy
2022_02;BF;10.7;Euphorbia potentilloides;1;Cassy
2022_02;BF;10.7;Hemipogon acerosus;5;Cassy
2022_02;BF;10.7;Hypenia sp;1;Cassy
2022_02;BF;10.7;Ipomoea paulistana;1;Cassy
2022_02;BF;10.7;Ruellia nitens;5;Cassy
2022_02;BF;10.8;Chamaecrista claussenii;20;Cassy
2022_02;BF;10.8;Croton gracilescens;1;Cassy
2022_02;BF;10.8;Cuphea hyssopoides;1;Cassy
2022_02;BF;10.8;Eriope sp;1;Cassy
2022_02;BF;10.8;Gymneia chapadensis;1;Cassy
2022_02;BF;10.8;Hypenia sp;1;Cassy
2022_02;BF;10.8;Hyptis remota;1;Cassy
2022_02;BF;10.8;Medusantha mollissima;1;Cassy
2022_02;BF;10.8;Mimosa cavalcantina;1;Cassy
2022_02;BF;10.8;Oxalis goyazensis;1;Cassy
2022_02;BF;10.8;Ruellia nitens;10;Cassy
2022_02;BF;10.9;Croton gracilescens;5;Cassy
2022_02;BF;10.9;Deianira pallescens;1;Cassy
2022_02;BF;10.9;Diplusodon paraisoensis;1;Cassy
2022_02;BF;10.9;Eriope sp;1;Cassy
2022_02;BF;10.9;Hemipogon acerosus;1;Cassy
2022_02;BF;10.9;Hyptis remota;1;Cassy
2022_02;BF;10.9;Lessingianthus durus;1;Cassy
2022_02;BF;10.9;Manihot kalungae;1;Cassy
2022_02;BF;10.9;Ruellia nitens;1;Cassy
2022_02;FE;12.1;Croton gracilescens;1;Cassy
2022_02;FE;12.1;Gymneia chapadensis;1;Cassy
2022_02;FE;12.1;Hyptis remota;1;Cassy
2022_02;FE;12.1;Kielmeyera rubriflora;5;Cassy
2022_02;FE;12.1;Medusantha mollissima;5;Cassy
2022_02;FE;12.10;Croton gracilescens;5;Cassy
2022_02;FE;12.10;Eriope sp;1;Cassy
2022_02;FE;12.10;Manihot kalungae;1;Cassy
2022_02;FE;12.10;Pseudotrimezia juncifolia;1;Cassy
2022_02;FE;12.10;Ruellia trachyphylla;1;Cassy
2022_02;FE;12.2;Croton gracilescens;1;Cassy
2022_02;FE;12.2;Justicia lanstyakii;1;Cassy
2022_02;FE;12.2;Medusantha mollissima;1;Cassy
2022_02;FE;12.3;Aldama bracteata;5;Cassy
2022_02;FE;12.3;Croton gracilescens;10;Cassy
2022_02;FE;12.3;Distimake ericoides;1;Cassy
2022_02;FE;12.3;Eriope sp;1;Cassy
2022_02;FE;12.3;Gymneia chapadensis;5;Cassy
2022_02;FE;12.3;Justicia lanstyakii;5;Cassy
2022_02;FE;12.3;Kielmeyera rubriflora;5;Cassy
2022_02;FE;12.3;Lippia horridula;1;Cassy
2022_02;FE;12.3;Medusantha mollissima;1;Cassy
2022_02;FE;12.3;Oxalis pyrenea var. macrochaeta;1;Cassy
2022_02;FE;12.4;Anemopaegma arvense;1;Cassy
2022_02;FE;12.4;Croton gracilescens;5;Cassy
2022_02;FE;12.4;Eriope sp;1;Cassy
2022_02;FE;12.4;Galactia sp;5;Cassy
2022_02;FE;12.4;Gymneia chapadensis;5;Cassy
2022_02;FE;12.4;Heteropterys pannosa;1;Cassy
2022_02;FE;12.4;Justicia lanstyakii;5;Cassy
2022_02;FE;12.4;Lippia horridula;1;Cassy
2022_02;FE;12.4;Medusantha mollissima;1;Cassy
2022_02;FE;12.4;Mimosa gracilis;1;Cassy
2022_02;FE;12.5;Chamaecrista claussenii;10;Cassy
2022_02;FE;12.5;Croton gracilescens;1;Cassy
2022_02;FE;12.5;Cuphea hyssopoides;5;Cassy
2022_02;FE;12.5;Gymneia chapadensis;1;Cassy
2022_02;FE;12.5;Justicia lanstyakii;1;Cassy
2022_02;FE;12.5;Ruellia nitens;20;Cassy
2022_02;FE;12.5;Turnera incana;1;Cassy
2022_02;FE;12.6;Aldama grandiflora;5;Cassy
2022_02;FE;12.6;Bernardia hirsutissima;5;Cassy
2022_02;FE;12.6;Chamaecrista claussenii;5;Cassy
2022_02;FE;12.6;Chamaecrista isidorea;5;Cassy
2022_02;FE;12.6;Cipura xanthomelas;5;Cassy
2022_02;FE;12.6;Croton gracilescens;5;Cassy
2022_02;FE;12.6;Eriope sp;1;Cassy
2022_02;FE;12.6;Kielmeyera rubriflora;5;Cassy
2022_02;FE;12.6;Medusantha mollissima;5;Cassy
2022_02;FE;12.6;Justicia phylocallyx;1;Cassy
2022_02;FE;12.6;Ruellia nitens;1;Cassy
2022_02;FE;12.7;Chamaecrista isidorea;5;Cassy
2022_02;FE;12.7;Croton gracilescens;1;Cassy
2022_02;FE;12.7;Eriope sp;1;Cassy
2022_02;FE;12.7;Euphorbia potentilloides ;1;Cassy
2022_02;FE;12.7;Hemipogon acerosus;1;Cassy
2022_02;FE;12.7;Hypenia sp;5;Cassy
2022_02;FE;12.7;Manihot kalungae;1;Cassy
2022_02;FE;12.7;Mimosa gracilis;1;Cassy
2022_02;FE;12.7;Porophyllum obscurum;1;Cassy
2022_02;FE;12.7;Trixis glutinosa;5;Cassy
2022_02;FE;12.8;Croton gracilescens;1;Cassy
2022_02;FE;12.8;Euphorbia potentilloides ;1;Cassy
2022_02;FE;12.8;Gymneia chapadensis;1;Cassy
2022_02;FE;12.8;Heteropterys pannosa;5;Cassy
2022_02;FE;12.8;Hyptis remota;1;Cassy
2022_02;FE;12.8;Ichthyothere hirsuta;1;Cassy
2022_02;FE;12.8;Justicia lanstyakii;5;Cassy
2022_02;FE;12.8;Lippia horridula;1;Cassy
2022_02;FE;12.8;Medusantha mollissima;1;Cassy
2022_02;FE;12.8;Justicia phylocallyx;20;Cassy
2022_02;FE;12.8;Ruellia trachyphylla;10;Cassy
2022_02;FE;12.9;Chamaecrista claussenii;20;Cassy
2022_02;FE;12.9;Croton gracilescens;10;Cassy
2022_02;FE;12.9;Euphorbia potentilloides ;1;Cassy
2022_02;FE;12.9;Heteropterys pannosa;1;Cassy
2022_02;FE;12.9;Hypenia sp;1;Cassy
2022_02;FE;12.9;Hyptis remota;1;Cassy
2022_02;FE;12.9;Ichthyothere hirsuta;1;Cassy
2022_02;FE;12.9;Ipomoea paulistana;1;Cassy
2022_02;FE;12.9;Kielmeyera rubriflora;20;Cassy
2022_02;FE;12.9;Manihot kalungae;5;Cassy
2022_02;FE;12.9;Manihot tombadorensis;1;Cassy
2022_02;FE;12.9;Ruellia trachyphylla;10;Cassy
2022_02;FE;13.10;Chamaecrista isidorea;10;Cassy
2022_02;FE;13.10;Cipura xanthomelas;1;Cassy
2022_02;FE;13.10;Croton gracilescens;5;Cassy
2022_02;FE;13.10;Cuphea hyssopoides;1;Cassy
2022_02;FE;13.10;Eriope sp;1;Cassy
2022_02;FE;13.10;Hyptis remota;5;Cassy
2022_02;FE;13.10;Kielmeyera abdita;5;Cassy
2022_02;FE;13.10;Mimosa cavalcantina;5;Cassy
2022_02;FE;13.2;Aldama grandiflora;5;Cassy
2022_02;FE;13.2;Anemopaegma arvense;5;Cassy
2022_02;FE;13.2;Calliandra dysantha;5;Cassy
2022_02;FE;13.2;Croton gracilescens;1;Cassy
2022_02;FE;13.2;Eriope sp;1;Cassy
2022_02;FE;13.2;Eriosema congestum;1;Cassy
2022_02;FE;13.2;Gymneia chapadensis;1;Cassy
2022_02;FE;13.2;Hyptis remota;1;Cassy
2022_02;FE;13.2;Mimosa cavalcantina;5;Cassy
2022_02;FE;13.2;Mimosa gracilis;5;Cassy
2022_02;FE;13.2;Tibouchina melastomoides;1;Cassy
2022_02;FE;13.3;Aldama grandiflora;5;Cassy
2022_02;FE;13.3;Croton gracilescens;5;Cassy
2022_02;FE;13.3;Ctenodon paniculatus;1;Cassy
2022_02;FE;13.3;Eriope sp;1;Cassy
2022_02;FE;13.3;Eriosema congestum;5;Cassy
2022_02;FE;13.3;Ichthyothere hirsuta;5;Cassy
2022_02;FE;13.3;Oxalis pyrenea var. macrochaeta;1;Cassy
2022_02;FE;13.3;Pseudotrimezia juncifolia;1;Cassy
2022_02;FE;13.4;Chamaecrista claussenii;5;Cassy
2022_02;FE;13.4;Croton gracilescens;10;Cassy
2022_02;FE;13.4;Eriope sp;1;Cassy
2022_02;FE;13.4;Eriosema congestum;20;Cassy
2022_02;FE;13.4;Ichthyothere hirsuta;1;Cassy
2022_02;FE;13.4;Oxalis pyrenea var. macrochaeta;1;Cassy
2022_02;FE;13.4;Stachytarpheta villosa;1;Cassy
2022_02;FE;13.5;Ancistrotropis firmula;5;Cassy
2022_02;FE;13.5;Chamaecrista isidorea;1;Cassy
2022_02;FE;13.5;Croton gracilescens;10;Cassy
2022_02;FE;13.5;Eriope sp;1;Cassy
2022_02;FE;13.5;Manihot kalungae;1;Cassy
2022_02;FE;13.5;Pseudotrimezia juncifolia;5;Cassy
2022_02;FE;13.6;Aldama grandiflora;10;Cassy
2022_02;FE;13.6;Chamaecrista isidorea;5;Cassy
2022_02;FE;13.6;Croton gracilescens;1;Cassy
2022_02;FE;13.6;Eriosema congestum;5;Cassy
2022_02;FE;13.6;Ipomoea paulistana;1;Cassy
2022_02;FE;13.6;Turnera emendata;1;Cassy
2022_02;FE;13.7;Chamaecrista claussenii;5;Cassy
2022_02;FE;13.7;Croton gracilescens;10;Cassy
2022_02;FE;13.7;Eriope sp;1;Cassy
2022_02;FE;13.7;Euphorbia potentilloides ;1;Cassy
2022_02;FE;13.7;Gymneia chapadensis;1;Cassy
2022_02;FE;13.7;Heteropterys pannosa;5;Cassy
2022_02;FE;13.7;Lessingianthus durus;5;Cassy
2022_02;FE;13.7;Medusantha mollissima;5;Cassy
2022_02;FE;13.7;Ruellia trachyphylla;1;Cassy
2022_02;FE;13.8;Chamaecrista ochrosperma;5;Cassy
2022_02;FE;13.8;Croton gracilescens;5;Cassy
2022_02;FE;13.8;Eriope sp;1;Cassy
2022_02;FE;13.8;Euphorbia potentilloides ;1;Cassy
2022_02;FE;13.8;Galactia sp;1;Cassy
2022_02;FE;13.8;Gymneia chapadensis;1;Cassy
2022_02;FE;13.8;Ipomoea paulistana;1;Cassy
2022_02;FE;13.8;Ruellia trachyphylla;1;Cassy
2022_02;FE;13.8;Tibouchina melastomoides;1;Cassy
2022_02;FE;13.9;Croton gracilescens;5;Cassy
2022_02;FE;13.9;Dalechampia linearis;5;Cassy
2022_02;FE;13.9;Eriope sp;1;Cassy
2022_02;FE;13.9;Oxalis pyrenea var. macrochaeta;1;Cassy
2022_02;BF;17.1;Aldama grandiflora;5;Vagner
2022_02;BF;17.1;Calliandra dysantha;5;Vagner
2022_02;BF;17.1;Croton gracilescens;5;Vagner
2022_02;BF;17.1;Declieuxia lancifolia;1;Vagner
2022_02;BF;17.1;Desmodium platycarpum;5;Vagner
2022_02;BF;17.1;Eriope sp;1;Vagner
2022_02;BF;17.1;Euphorbia potentilloides;5;Vagner
2022_02;BF;17.1;Gymneia chapadensis;1;Vagner
2022_02;BF;17.1;Hemipogon acerosus;5;Vagner
2022_02;BF;17.1;Heteropterys pannosa;5;Vagner
2022_02;BF;17.1;Hyptis remota;10;Vagner
2022_02;BF;17.1;Ichthyothere hirsuta;1;Vagner
2022_02;BF;17.1;Ruellia nitens;20;Vagner
2022_02;BF;17.1;Ruellia nitens;20;Vagner
2022_02;BF;17.10;Ctenodon paniculatus;1;Vagner
2022_02;BF;17.10;Aldama grandiflora;5;Vagner
2022_02;BF;17.10;Amasonia hirta;5;Vagner
2022_02;BF;17.10;Bernardia hirsutissima;5;Vagner
2022_02;BF;17.10;Calliandra dysantha;5;Vagner
2022_02;BF;17.10;Chamaecrista claussenii;10;Vagner
2022_02;BF;17.10;Croton gracilescens;5;Vagner
2022_02;BF;17.10;Euphorbia potentilloides;1;Vagner
2022_02;BF;17.10;Gymneia chapadensis;5;Vagner
2022_02;BF;17.10;Heteropterys pannosa;10;Vagner
2022_02;BF;17.10;Justicia lanstyakii;1;Vagner
2022_02;BF;17.10;Mimosa gracilis;5;Vagner
2022_02;BF;17.10;Pseudotrimezia juncifolia;1;Vagner
2022_02;BF;17.10;Trixis glutinosa;1;Vagner
2022_02;BF;17.2;Aldama grandiflora;20;Vagner
2022_02;BF;17.2;Calliandra dysantha;10;Vagner
2022_02;BF;17.2;Croton gracilescens;5;Vagner
2022_02;BF;17.2;Declieuxia lancifolia;1;Vagner
2022_02;BF;17.2;Euphorbia potentilloides;5;Vagner
2022_02;BF;17.2;Gymneia chapadensis;5;Vagner
2022_02;BF;17.2;Hemipogon acerosus;1;Vagner
2022_02;BF;17.2;Heteropterys pannosa;10;Vagner
2022_02;BF;17.2;Hyptis remota;20;Vagner
2022_02;BF;17.2;Ichthyothere hirsuta;1;Vagner
2022_02;BF;17.2;Ruellia angustior;10;Vagner
2022_02;BF;17.2;Ruellia nitens;20;Vagner
2022_02;BF;17.2;Sisyrinchium luzula;1;Vagner
2022_02;BF;17.2;Senega celosioides;1;Vagner
2022_02;BF;17.3;Chamaecrista isidorea;5;Vagner
2022_02;BF;17.3;Chamaecrista ochrosperma;5;Vagner
2022_02;BF;17.3;Cuphea hyssopoides;1;Vagner
2022_02;BF;17.3;Desmodium platycarpum;10;Vagner
2022_02;BF;17.3;Eriope sp;1;Vagner
2022_02;BF;17.3;Gymneia chapadensis;5;Vagner
2022_02;BF;17.3;Heteropterys pannosa;5;Vagner
2022_02;BF;17.3;Justicia lanstyakii;5;Vagner
2022_02;BF;17.3;Manihot kalungae;1;Vagner
2022_02;BF;17.3;Medusantha mollissima;1;Vagner
2022_02;BF;17.3;Mimosa macrocephala;5;Vagner
2022_02;BF;17.3;Borreria tenella;1;Vagner
2022_02;BF;17.4;Aldama grandiflora;5;Vagner
2022_02;BF;17.4;Bernardia hirsutissima;1;Vagner
2022_02;BF;17.4;Calliandra dysantha;5;Vagner
2022_02;BF;17.4;Calolisianthus speciosus;1;Vagner
2022_02;BF;17.4;Chamaecrista ochrosperma;20;Vagner
2022_02;BF;17.4;Croton gracilescens;20;Vagner
2022_02;BF;17.4;Cuphea spermacoce;5;Vagner
2022_02;BF;17.4;Gymneia chapadensis;20;Vagner
2022_02;BF;17.4;Heteropterys pannosa;5;Vagner
2022_02;BF;17.4;Mimosa macrocephala;5;Vagner
2022_02;BF;17.4;Tibouchina melastomoides;1;Vagner
2022_02;BF;17.4;Pseudotrimezia juncifolia;1;Vagner
2022_02;BF;17.5;Calliandra dysantha;10;Vagner
2022_02;BF;17.5;Croton gracilescens;10;Vagner
2022_02;BF;17.5;Cuphea hyssopoides;5;Vagner
2022_02;BF;17.5;Eriope sp;1;Vagner
2022_02;BF;17.5;Euphorbia potentilloides;1;Vagner
2022_02;BF;17.5;Gymneia chapadensis;5;Vagner
2022_02;BF;17.5;Heteropterys pannosa;5;Vagner
2022_02;BF;17.5;Hyptis remota;5;Vagner
2022_02;BF;17.5;Ruellia trachyphylla;10;Vagner
2022_02;BF;17.5;Borreria tenella;1;Vagner
2022_02;BF;17.5;Turnera emendata;1;Vagner
2022_02;BF;17.6;Aldama grandiflora;5;Vagner
2022_02;BF;17.6;Chamaecrista ochrosperma;30;Vagner
2022_02;BF;17.6;Croton gracilescens;10;Vagner
2022_02;BF;17.6;Lessingianthus durus;1;Vagner
2022_02;BF;17.6;Manihot kalungae;1;Vagner
2022_02;BF;17.7;Aldama grandiflora;10;Vagner
2022_02;BF;17.7;Calliandra dysantha;5;Vagner
2022_02;BF;17.7;Croton gracilescens;1;Vagner
2022_02;BF;17.7;Gymneia chapadensis;5;Vagner
2022_02;BF;17.7;Hyptis remota;1;Vagner
2022_02;BF;17.7;Justicia lanstyakii;1;Vagner
2022_02;BF;17.7;Mimosa gracilis;1;Vagner
2022_02;BF;17.7;Turnera emendata;1;Vagner
2022_02;BF;17.8;Aldama grandiflora;20;Vagner
2022_02;BF;17.8;Calliandra dysantha;10;Vagner
2022_02;BF;17.8;Chamaecrista claussenii;5;Vagner
2022_02;BF;17.8;Croton gracilescens;10;Vagner
2022_02;BF;17.8;Gymneia chapadensis;5;Vagner
2022_02;BF;17.8;Heteropterys pannosa;20;Vagner
2022_02;BF;17.8;Ruellia trachyphylla;5;Vagner
2022_02;BF;17.8;Borreria tenella;1;Vagner
2022_02;BF;17.9;Ctenodon paniculatus;1;Vagner
2022_02;BF;17.9;Aldama grandiflora;5;Vagner
2022_02;BF;17.9;Bernardia hirsutissima;1;Vagner
2022_02;BF;17.9;Chamaecrista ochrosperma;20;Vagner
2022_02;BF;17.9;Cipura xanthomelas;1;Vagner
2022_02;BF;17.9;Croton gracilescens;5;Vagner
2022_02;BF;17.9;Gymneia chapadensis;1;Vagner
2022_02;BF;17.9;Heteropterys pannosa;10;Vagner
2022_02;BF;17.9;Justicia lanstyakii;1;Vagner
2022_02;BF;17.9;Ruellia trachyphylla;1;Vagner
2022_02;BF;17.9;Senega poaya;1;Vagner
2022_02;BF;2.1;Lippia horridula;1;Cassy
2022_02;BF;2.1;Calliandra dysantha;5;Cassy
2022_02;BF;2.1;Chamaecrista claussenii;10;Cassy
2022_02;BF;2.1;Croton gracilescens;1;Cassy
2022_02;BF;2.1;Eriope sp;1;Cassy
2022_02;BF;2.1;Hemipogon acerosus;1;Cassy
2022_02;BF;2.1;Hyptis remota;1;Cassy
2022_02;BF;2.1;Mimosa gracilis;1;Cassy
2022_02;BF;2.1;Ruellia trachyphylla;20;Cassy
2022_02;BF;2.10;Camarea ericoides;5;Cassy
2022_02;BF;2.10;Croton gracilescens;10;Cassy
2022_02;BF;2.10;Heteropterys pannosa;5;Cassy
2022_02;BF;2.10;Hyptis remota;5;Cassy
2022_02;BF;2.10;Mimosa gracilis;1;Cassy
2022_02;BF;2.10;Tibouchina melastomoides;5;Cassy
2022_02;BF;2.2;Calolisianthus speciosus;1;Cassy
2022_02;BF;2.2;Chamaecrista claussenii;20;Cassy
2022_02;BF;2.2;Chamaecrista ochrosperma;1;Cassy
2022_02;BF;2.2;Croton gracilescens;1;Cassy
2022_02;BF;2.2;Euphorbia potentilloides;1;Cassy
2022_02;BF;2.2;Mimosa gracilis;1;Cassy
2022_02;BF;2.2;Ruellia trachyphylla;5;Cassy
2022_02;BF;2.2;Trixis glutinosa;1;Cassy
2022_02;BF;2.3;Ctenodon paniculatus;5;Cassy
2022_02;BF;2.3;Anemopaegma arvense;10;Cassy
2022_02;BF;2.3;Croton gracilescens;1;Cassy
2022_02;BF;2.3;Eriope sp;1;Cassy
2022_02;BF;2.3;Euphorbia potentilloides;1;Cassy
2022_02;BF;2.3;Heteropterys pannosa;1;Cassy
2022_02;BF;2.3;Mimosa gracilis;1;Cassy
2022_02;BF;2.3;Ruellia trachyphylla;10;Cassy
2022_02;BF;2.4;Anemopaegma arvense;10;Cassy
2022_02;BF;2.4;Croton gracilescens;10;Cassy
2022_02;BF;2.4;Dalechampia linearis;5;Cassy
2022_02;BF;2.4;Eriope sp;1;Cassy
2022_02;BF;2.4;Euphorbia potentilloides;5;Cassy
2022_02;BF;2.4;Gymneia chapadensis;5;Cassy
2022_02;BF;2.4;Hyptis remota;10;Cassy
2022_02;BF;2.4;Porophyllum obscurum;10;Cassy
2022_02;BF;2.4;Ruellia trachyphylla;1;Cassy
2022_02;BF;2.4;Borreria tenella;1;Cassy
2022_02;BF;2.5;Chamaecrista claussenii;30;Cassy
2022_02;BF;2.5;Croton gracilescens;1;Cassy
2022_02;BF;2.5;Eriope sp;1;Cassy
2022_02;BF;2.5;Eriosema congestum;5;Cassy
2022_02;BF;2.5;Hemipogon acerosus;1;Cassy
2022_02;BF;2.5;Hyptis remota;1;Cassy
2022_02;BF;2.5;Justicia lanstyakii;1;Cassy
2022_02;BF;2.5;Mimosa gracilis;1;Cassy
2022_02;BF;2.5;Ruellia trachyphylla;10;Cassy
2022_02;BF;2.5;Sisyrinchium luzula;1;Cassy
2022_02;BF;2.5;Borreria tenella;1;Cassy
2022_02;BF;2.5;Tibouchina melastomoides;1;Cassy
2022_02;BF;2.6;Ayapana amygdalina;1;Cassy
2022_02;BF;2.6;Chamaecrista ochrosperma;5;Cassy
2022_02;BF;2.6;Croton gracilescens;1;Cassy
2022_02;BF;2.6;Cuphea spermacoce;1;Cassy
2022_02;BF;2.6;Declieuxia lancifolia;10;Cassy
2022_02;BF;2.6;Deianira pallescens;1;Cassy
2022_02;BF;2.6;Hyptis remota;1;Cassy
2022_02;BF;2.6;Mimosa gracilis;1;Cassy
2022_02;BF;2.6;Oxalis pyrenea var. macrochaeta;1;Cassy
2022_02;BF;2.6;Ruellia trachyphylla;10;Cassy
2022_02;BF;2.6;Tibouchina melastomoides;1;Cassy
2022_02;BF;2.7;Chamaecrista ochrosperma;10;Cassy
2022_02;BF;2.7;Croton gracilescens;5;Cassy
2022_02;BF;2.7;Eriope sp;10;Cassy
2022_02;BF;2.7;Ipomoea paulistana;1;Cassy
2022_02;BF;2.7;Justicia lanstyakii;1;Cassy
2022_02;BF;2.7;Manihot kalungae;1;Cassy
2022_02;BF;2.8;Croton gracilescens;5;Cassy
2022_02;BF;2.8;Eriope sp;1;Cassy
2022_02;BF;2.8;Hyptis remota;1;Cassy
2022_02;BF;2.8;Mimosa gracilis;5;Cassy
2022_02;BF;2.8;Oxalis pyrenea var. macrochaeta;1;Cassy
2022_02;BF;2.8;Porophyllum obscurum;1;Cassy
2022_02;BF;2.8;Ruellia angustior;1;Cassy
2022_02;BF;2.8;Ruellia trachyphylla;20;Cassy
2022_02;BF;2.8;Borreria tenella;1;Cassy
2022_02;BF;2.9;Lippia horridula;1;Cassy
2022_02;BF;2.9;Croton gracilescens;5;Cassy
2022_02;BF;2.9;Eriope sp;1;Cassy
2022_02;BF;2.9;Justicia lanstyakii;1;Cassy
2022_02;BF;2.9;Mimosa gracilis;5;Cassy
2022_02;BF;23.1;Hyptis remota;1;Cassy
2022_02;BF;23.1;Heteropterys pannosa;5;Cassy
2022_02;BF;23.1;Aldama grandiflora;20;Cassy
2022_02;BF;23.1;Chamaecrista fagonioides;5;Cassy
2022_02;BF;23.1;Croton gracilescens;5;Cassy
2022_02;BF;23.1;Euphorbia potentilloides;5;Cassy
2022_02;BF;23.1;Hyptis remota;1;Cassy
2022_02;BF;23.1;Justicia lanstyakii;1;Cassy
2022_02;BF;23.1;Mimosa macrocephala;5;Cassy
2022_02;BF;23.1;Ruellia trachyphylla;20;Cassy
2022_02;BF;23.10;Bernardia hirsutissima;1;Cassy
2022_02;BF;23.10;Calolisianthus speciosus;1;Cassy
2022_02;BF;23.10;Chamaecrista claussenii;1;Cassy
2022_02;BF;23.10;Croton gracilescens;5;Cassy
2022_02;BF;23.10;Cuphea hyssopoides;1;Cassy
2022_02;BF;23.10;Gymneia chapadensis;5;Cassy
2022_02;BF;23.10;Hyptis remota;1;Cassy
2022_02;BF;23.10;Justicia lanstyakii;1;Cassy
2022_02;BF;23.10;Mimosa gracilis;5;Cassy
2022_02;BF;23.10;Ruellia nitens;1;Cassy
2022_02;BF;23.2;Aldama grandiflora;5;Cassy
2022_02;BF;23.2;Calliandra dysantha;10;Cassy
2022_02;BF;23.2;Calolisianthus speciosus;1;Cassy
2022_02;BF;23.2;Croton gracilescens;5;Cassy
2022_02;BF;23.2;Eriope sp;1;Cassy
2022_02;BF;23.2;Euphorbia potentilloides;1;Cassy
2022_02;BF;23.2;Hyptis remota;5;Cassy
2022_02;BF;23.2;Mimosa gracilis;1;Cassy
2022_02;BF;23.2;Ruellia nitens;1;Cassy
2022_02;BF;23.2;Tibouchina melastomoides;5;Cassy
2022_02;BF;23.3;Ctenodon paniculatus;1;Cassy
2022_02;BF;23.3;Camarea ericoides;5;Cassy
2022_02;BF;23.3;Chamaecrista claussenii;10;Cassy
2022_02;BF;23.3;Croton gracilescens;10;Cassy
2022_02;BF;23.3;Deianira pallescens;1;Cassy
2022_02;BF;23.3;Eriope sp;5;Cassy
2022_02;BF;23.3;Hyptis remota;1;Cassy
2022_02;BF;23.3;Ichthyothere hirsuta;1;Cassy
2022_02;BF;23.3;Justicia lanstyakii;1;Cassy
2022_02;BF;23.3;Medusantha mollissima;5;Cassy
2022_02;BF;23.3;Oxalis goyazensis;1;Cassy
2022_02;BF;23.3;Tibouchina melastomoides;1;Cassy
2022_02;BF;23.4;Aldama grandiflora;10;Cassy
2022_02;BF;23.4;Chamaecrista claussenii;20;Cassy
2022_02;BF;23.4;Chamaecrista ochrosperma;5;Cassy
2022_02;BF;23.4;Croton gracilescens;20;Cassy
2022_02;BF;23.4;Eriope sp;1;Cassy
2022_02;BF;23.4;Euphorbia potentilloides;5;Cassy
2022_02;BF;23.4;Gymneia chapadensis;5;Cassy
2022_02;BF;23.4;Hyptis remota;1;Cassy
2022_02;BF;23.4;Oxalis goyazensis;1;Cassy
2022_02;BF;23.4;Borreria tenella;1;Cassy
2022_02;BF;23.4;Tibouchina melastomoides;1;Cassy
2022_02;BF;23.5;Chamaecrista claussenii;5;Cassy
2022_02;BF;23.5;Croton gracilescens;20;Cassy
2022_02;BF;23.5;Cuphea hyssopoides;1;Cassy
2022_02;BF;23.5;Eriope sp;10;Cassy
2022_02;BF;23.5;Euphorbia potentilloides;1;Cassy
2022_02;BF;23.5;Gymneia chapadensis;1;Cassy
2022_02;BF;23.5;Heteropterys pannosa;10;Cassy
2022_02;BF;23.5;Hyptis remota;5;Cassy
2022_02;BF;23.5;Ichthyothere hirsuta;1;Cassy
2022_02;BF;23.5;Justicia lanstyakii;5;Cassy
2022_02;BF;23.5;Medusantha mollissima;5;Cassy
2022_02;BF;23.5;Ruellia angustior;5;Cassy
2022_02;BF;23.5;Tibouchina melastomoides;1;Cassy
2022_02;BF;23.6;Ctenodon paniculatus;1;Cassy
2022_02;BF;23.6;Calliandra dysantha;1;Cassy
2022_02;BF;23.6;Chamaecrista claussenii;30;Cassy
2022_02;BF;23.6;Croton gracilescens;5;Cassy
2022_02;BF;23.6;Eriope sp;1;Cassy
2022_02;BF;23.6;Euphorbia potentilloides;5;Cassy
2022_02;BF;23.6;Hemipogon acerosus;1;Cassy
2022_02;BF;23.6;Ichthyothere hirsuta;1;Cassy
2022_02;BF;23.6;Mimosa gracilis;5;Cassy
2022_02;BF;23.6;Ruellia angustior;20;Cassy
2022_02;BF;23.6;Lippia horridula;1;Cassy
2022_02;BF;23.7;Bernardia hirsutissima;5;Cassy
2022_02;BF;23.7;Calliandra dysantha;20;Cassy
2022_02;BF;23.7;Chamaecrista ochrosperma;5;Cassy
2022_02;BF;23.7;Croton gracilescens;5;Cassy
2022_02;BF;23.7;Hyptis remota;5;Cassy
2022_02;BF;23.7;Justicia lanstyakii;1;Cassy
2022_02;BF;23.7;Mimosa gracilis;1;Cassy
2022_02;BF;23.7;Oxalis goyazensis;10;Cassy
2022_02;BF;23.7;Tibouchina melastomoides;1;Cassy
2022_02;BF;23.8;Ctenodon paniculatus;5;Cassy
2022_02;BF;23.8;Aldama grandiflora;10;Cassy
2022_02;BF;23.8;Calliandra dysantha;10;Cassy
2022_02;BF;23.8;Croton gracilescens;5;Cassy
2022_02;BF;23.8;Cuphea hyssopoides;5;Cassy
2022_02;BF;23.8;Deianira pallescens;1;Cassy
2022_02;BF;23.8;Heteropterys pannosa;10;Cassy
2022_02;BF;23.8;Hyptis remota;1;Cassy
2022_02;BF;23.8;Justicia lanstyakii;1;Cassy
2022_02;BF;23.8;Ruellia trachyphylla;10;Cassy
2022_02;BF;23.9;Aldama grandiflora;5;Cassy
2022_02;BF;23.9;Byttneria jaculifolia;5;Cassy
2022_02;BF;23.9;Calolisianthus speciosus;1;Cassy
2022_02;BF;23.9;Chamaecrista isidorea;1;Cassy
2022_02;BF;23.9;Croton gracilescens;10;Cassy
2022_02;BF;23.9;Eriope sp;1;Cassy
2022_02;BF;23.9;Euphorbia potentilloides;1;Cassy
2022_02;BF;23.9;Gymneia chapadensis;1;Cassy
2022_02;BF;23.9;Heteropterys pannosa;1;Cassy
2022_02;BF;23.9;Ichthyothere hirsuta;1;Cassy
2022_02;BF;23.9;Ruellia angustior;1;Cassy
2022_02;FE;V.21;Chamaecrista claussenii;1;Cassy
2022_02;FE;V.21;Chamaecrista isidorea;1;Cassy
2022_02;FE;V.21;Croton gracilescens;1;Cassy
2022_02;FE;V.21;Eriope sp;1;Cassy
2022_02;FE;V.21;Hyptis remota;1;Cassy
2022_02;FE;V.21;Ruellia angustior;1;Cassy
2022_02;FE;V.21;Ruellia nitens;5;Cassy
2022_02;FE;V.22;Bernardia hirsutissima;1;Cassy
2022_02;FE;V.22;Croton gracilescens;1;Cassy
2022_02;FE;V.22;Eriope sp;1;Cassy
2022_02;FE;V.22;Gymneia chapadensis;1;Cassy
2022_02;FE;V.22;Hyptis remota;1;Cassy
2022_02;FE;V.22;Justicia lanstyakii;1;Cassy
2022_02;FE;V.22;Medusantha mollissima;1;Cassy
2022_02;FE;V.23;Borreria tenella;1;Cassy
2022_02;FE;V.23;Croton gracilescens;5;Cassy
2022_02;FE;V.23;Eriope sp;1;Cassy
2022_02;FE;V.23;Euphorbia potentilloides ;1;Cassy
2022_02;FE;V.23;Gymneia chapadensis;10;Cassy
2022_02;FE;V.23;Heteropterys pannosa;1;Cassy
2022_02;FE;V.24;Chamaecrista claussenii;1;Cassy
2022_02;FE;V.24;Croton gracilescens;5;Cassy
2022_02;FE;V.24;Deianira pallescens;1;Cassy
2022_02;FE;V.24;Eriope sp;1;Cassy
2022_02;FE;V.24;Heteropterys pannosa;5;Cassy
2022_02;FE;V.24;Hyptis remota;1;Cassy
2022_02;FE;V.24;Tibouchina melastomoides;1;Cassy
2022_02;FE;V.26;Aldama grandiflora;5;Cassy
2022_02;FE;V.26;Croton gracilescens;5;Cassy
2022_02;FE;V.26;Deianira pallescens;1;Cassy
2022_02;FE;V.26;Eriope sp;1;Cassy
2022_02;FE;V.26;Gymneia chapadensis;1;Cassy
2022_02;FE;V.26;Medusantha mollissima;5;Cassy
2022_02;FE;V.26;Oxalis goyazensis;1;Cassy
2022_02;FE;V.26;Ruellia nitens;5;Cassy
2022_02;FE;V.26;Tibouchina melastomoides;1;Cassy
2022_02;FE;V.26;Turnera emendata;1;Cassy
2022_02;FE;V.27;Borreria tenella;1;Cassy
2022_02;FE;V.27;Chamaecrista isidorea;5;Cassy
2022_02;FE;V.27;Croton gracilescens;10;Cassy
2022_02;FE;V.27;Eriope sp;1;Cassy
2022_02;FE;V.27;Hyptis remota;1;Cassy
2022_02;FE;V.27;Manihot kalungae;1;Cassy
2022_02;FE;V.27;Medusantha mollissima;1;Cassy
2022_02;FE;V.27;Mimosa gracilis;5;Cassy
2022_02;FE;V.27;Oxalis pyrenea var. macrochaeta;1;Cassy
2022_02;FE;V.27;Ruellia trachyphylla;1;Cassy
2022_02;FE;V.28;Aldama grandiflora;5;Cassy
2022_02;FE;V.28;Borreria tenella;1;Cassy
2022_02;FE;V.28;Croton gracilescens;5;Cassy
2022_02;FE;V.28;Eriope sp;1;Cassy
2022_02;FE;V.28;Eriosema congestum;5;Cassy
2022_02;FE;V.28;Gymneia chapadensis;1;Cassy
2022_02;FE;V.28;Ichthyothere hirsuta;1;Cassy
2022_02;FE;V.28;Kielmeyera rubriflora;5;Cassy
2022_02;FE;V.28;Manihot kalungae;5;Cassy
2022_02;FE;V.28;Oxalis pyrenea var. macrochaeta;1;Cassy
2022_02;FE;V.29;Croton gracilescens;5;Cassy
2022_02;FE;V.29;Eriope sp;1;Cassy
2022_02;FE;V.29;Ichthyothere hirsuta;1;Cassy
2022_02;FE;V.29;Justicia lanstyakii;1;Cassy
2022_02;FE;V.29;Medusantha mollissima;1;Cassy
2022_02;FE;V.29;Oxalis goyazensis;1;Cassy
2022_02;FE;V.29;Ruellia trachyphylla;1;Cassy
2022_02;FE;V.30;Chamaecrista claussenii;1;Cassy
2022_02;FE;V.30;Croton gracilescens;1;Cassy
2022_02;FE;V.30;Eriope sp;1;Cassy
2022_02;FE;V.30;Gymneia chapadensis;1;Cassy
2022_02;FE;V.30;Ichthyothere hirsuta;1;Cassy
2022_02;FE;V.30;Ipomoea paulistana;1;Cassy
2022_02;FE;V.30;Ruellia nitens;1;Cassy
2022_02;FE;V.30;Tibouchina melastomoides;1;Cassy
2023_01;BF;10.1;Amasonia hirta;1;Cassy
2023_01;BF;10.1;Chamaecrista claussenii;5;Cassy
2023_01;BF;10.1;Croton gracilescens;1;Cassy
2023_01;BF;10.1;Eriope sp;1;Cassy
2023_01;BF;10.1;Hypenia sp;1;Cassy
2023_01;BF;10.1;Hyptis remota;1;Cassy
2023_01;BF;10.1;Medusantha mollissima;1;Cassy
2023_01;BF;10.1;Mimosa gracilis;1;Cassy
2023_01;BF;10.1;Porophyllum obscurum;1;Cassy
2023_01;BF;10.1;Ruellia trachyphylla;1;Cassy
2023_01;BF;10.1;Borreria tenella;1;Cassy
2023_01;BF;10.1;Pseudotrimezia juncifolia;1;Cassy
2023_01;BF;10.10;Aldama bracteata;1;Vagner
2023_01;BF;10.10;Chamaecrista claussenii;20;Vagner
2023_01;BF;10.10;Chamaecrista isidorea;5;Vagner
2023_01;BF;10.10;Croton gracilescens;1;Vagner
2023_01;BF;10.10;Hyptis remota;1;Vagner
2023_01;BF;10.10;Mimosa gracilis;1;Vagner
2023_01;BF;10.2;Croton gracilescens;1;Cassy
2023_01;BF;10.2;Diplusodon paraisoensis;1;Cassy
2023_01;BF;10.2;Eriope sp;1;Cassy
2023_01;BF;10.2;Euphorbia longipedunculata;1;Cassy
2023_01;BF;10.2;Euphorbia potentilloides;1;Cassy
2023_01;BF;10.2;Gymneia chapadensis;1;Cassy
2023_01;BF;10.2;Heteropterys pannosa;1;Cassy
2023_01;BF;10.2;Hyptis remota;1;Cassy
2023_01;BF;10.2;Ruellia trachyphylla;10;Cassy
2023_01;BF;10.2;Borreria tenella;1;Cassy
2023_01;BF;10.3;Amasonia hirta;1;Cassy
2023_01;BF;10.3;Croton gracilescens;5;Cassy
2023_01;BF;10.3;Deianira pallescens;1;Cassy
2023_01;BF;10.3;Euphorbia potentilloides;1;Cassy
2023_01;BF;10.3;Gymneia chapadensis;10;Cassy
2023_01;BF;10.3;Hyptis remota;1;Cassy
2023_01;BF;10.3;Kielmeyera rubriflora;10;Cassy
2023_01;BF;10.3;Medusantha mollissima;1;Cassy
2023_01;BF;10.3;Mimosa cavalcantina;1;Cassy
2023_01;BF;10.3;Mimosa gracilis;1;Cassy
2023_01;BF;10.3;Borreria tenella;1;Cassy
2023_01;BF;10.4;Lippia horridula;1;Cassy
2023_01;BF;10.4;Gomphrena sp;1;Cassy
2023_01;BF;10.4;Calolisianthus speciosus;1;Cassy
2023_01;BF;10.4;Camarea ericoides;1;Cassy
2023_01;BF;10.4;Chamaecrista claussenii;1;Cassy
2023_01;BF;10.4;Chamaecrista isidorea;1;Cassy
2023_01;BF;10.4;Declieuxia lancifolia;1;Cassy
2023_01;BF;10.4;Diplusodon paraisoensis;1;Cassy
2023_01;BF;10.4;Eriope sp;1;Cassy
2023_01;BF;10.4;Euphorbia potentilloides;1;Cassy
2023_01;BF;10.4;Gymneia chapadensis;1;Cassy
2023_01;BF;10.4;Heteropterys pannosa;5;Cassy
2023_01;BF;10.4;Hypenia sp;1;Cassy
2023_01;BF;10.4;Mimosa gracilis;1;Cassy
2023_01;BF;10.4;Porophyllum obscurum;1;Cassy
2023_01;BF;10.4;Ruellia trachyphylla;10;Cassy
2023_01;BF;10.5;Chamaecrista ochrosperma;10;Cassy
2023_01;BF;10.5;Croton gracilescens;1;Cassy
2023_01;BF;10.5;Cuphea hyssopoides;1;Cassy
2023_01;BF;10.5;Declieuxia lancifolia;1;Cassy
2023_01;BF;10.5;Eriope sp;1;Cassy
2023_01;BF;10.5;Euphorbia potentilloides;1;Cassy
2023_01;BF;10.5;Hyptis remota;1;Cassy
2023_01;BF;10.5;Manihot kalungae;1;Cassy
2023_01;BF;10.5;Porophyllum obscurum;1;Cassy
2023_01;BF;10.6;Pombalia lanata;1;Cassy
2023_01;BF;10.6;Aldama grandiflora;1;Cassy
2023_01;BF;10.6;Chamaecrista claussenii;10;Cassy
2023_01;BF;10.6;Cipura xanthomelas;1;Cassy
2023_01;BF;10.6;Croton gracilescens;1;Cassy
2023_01;BF;10.6;Cuphea hyssopoides;1;Cassy
2023_01;BF;10.6;Eriope sp;1;Cassy
2023_01;BF;10.6;Gymneia chapadensis;1;Cassy
2023_01;BF;10.6;Hemipogon acerosus;1;Cassy
2023_01;BF;10.6;Hypenia sp;1;Cassy
2023_01;BF;10.6;Hyptis remota;1;Cassy
2023_01;BF;10.6;Medusantha mollissima;1;Cassy
2023_01;BF;10.6;Ruellia nitens;5;Cassy
2023_01;BF;10.7;Bernardia hirsutissima;1;Vagner
2023_01;BF;10.7;Croton gracilescens;5;Vagner
2023_01;BF;10.7;Diplusodon paraisoensis;1;Vagner
2023_01;BF;10.7;Eriope sp;1;Vagner
2023_01;BF;10.7;Gymneia chapadensis;1;Vagner
2023_01;BF;10.7;Hemipogon acerosus;1;Vagner
2023_01;BF;10.7;Hyptis remota;1;Vagner
2023_01;BF;10.7;Ipomoea paulistana;1;Vagner
2023_01;BF;10.7;Ruellia nitens;10;Vagner
2023_01;BF;10.7;Justicia lanstyakii;1;Vagner
2023_01;BF;10.8;Chamaecrista claussenii;20;Vagner
2023_01;BF;10.8;Cipura xanthomelas;1;Vagner
2023_01;BF;10.8;Croton gracilescens;1;Vagner
2023_01;BF;10.8;Cuphea hyssopoides;1;Vagner
2023_01;BF;10.8;Eriope sp;1;Vagner
2023_01;BF;10.8;Hypenia sp;1;Vagner
2023_01;BF;10.8;Hyptis remota;1;Vagner
2023_01;BF;10.8;Medusantha mollissima;1;Vagner
2023_01;BF;10.8;Mimosa cavalcantina;1;Vagner
2023_01;BF;10.8;Oxalis goyazensis;1;Vagner
2023_01;BF;10.8;Porophyllum obscurum;1;Vagner
2023_01;BF;10.8;Ruellia nitens;1;Vagner
2023_01;BF;10.9;Croton gracilescens;5;Vagner
2023_01;BF;10.9;Diplusodon paraisoensis;1;Vagner
2023_01;BF;10.9;Eriope sp;1;Vagner
2023_01;BF;10.9;Hemipogon acerosus;1;Vagner
2023_01;BF;10.9;Hyptis remota;1;Vagner
2023_01;BF;10.9;Ipomoea paulistana;1;Vagner
2023_01;BF;10.9;Lessingianthus durus;5;Vagner
2023_01;BF;10.9;Mimosa gracilis;1;Vagner
2023_01;BF;10.9;Porophyllum obscurum;1;Vagner
2023_01;BF;10.9;Ruellia nitens;5;Vagner
2023_01;FE;12.1;Bernardia hirsutissima;1;Cassy
2023_01;FE;12.1;Croton gracilescens;1;Cassy
2023_01;FE;12.1;Eriosema congestum;1;Cassy
2023_01;FE;12.1;Euphorbia potentilloides ;1;Cassy
2023_01;FE;12.1;Gymneia chapadensis;1;Cassy
2023_01;FE;12.1;Medusantha mollissima;1;Cassy
2023_01;FE;12.1;Mimosa cavalcantina;1;Cassy
2023_01;FE;12.10;Cayaponia weddellii;1;Vagner
2023_01;FE;12.10;Croton gracilescens;5;Vagner
2023_01;FE;12.10;Pseudotrimezia juncifolia;5;Vagner
2023_01;FE;12.10;Ruellia trachyphylla;1;Vagner
2023_01;FE;12.2;Croton gracilescens;1;Cassy
2023_01;FE;12.2;Dalechampia linearis;1;Cassy
2023_01;FE;12.2;Eriope sp;1;Cassy
2023_01;FE;12.2;Gymneia chapadensis;1;Cassy
2023_01;FE;12.2;Hyptis remota;1;Cassy
2023_01;FE;12.2;Justicia lanstyakii;1;Cassy
2023_01;FE;12.2;Kielmeyera rubriflora;5;Cassy
2023_01;FE;12.2;Medusantha mollissima;1;Cassy
2023_01;FE;12.2;Oxalis pyrenea var. macrochaeta;1;Cassy
2023_01;FE;12.3;Croton gracilescens;5;Cassy
2023_01;FE;12.3;Dalechampia linearis;5;Cassy
2023_01;FE;12.3;Eriope sp;1;Cassy
2023_01;FE;12.3;Gymneia chapadensis;1;Cassy
2023_01;FE;12.3;Justicia lanstyakii;1;Cassy
2023_01;FE;12.3;Kielmeyera rubriflora;20;Cassy
2023_01;FE;12.3;Lippia horridula;1;Cassy
2023_01;FE;12.3;Oxalis pyrenea var. macrochaeta;1;Cassy
2023_01;FE;12.3;Pombalia lanata;1;Cassy
2023_01;FE;12.4;Amasonia hirta;1;Cassy
2023_01;FE;12.4;Anemopaegma arvense;1;Cassy
2023_01;FE;12.4;Croton gracilescens;5;Cassy
2023_01;FE;12.4;Eriope sp;1;Cassy
2023_01;FE;12.4;Galactia sp;5;Cassy
2023_01;FE;12.4;Hemipogon acerosus;1;Cassy
2023_01;FE;12.4;Justicia lanstyakii;1;Cassy
2023_01;FE;12.4;Manihot kalungae;1;Cassy
2023_01;FE;12.4;Medusantha mollissima;1;Cassy
2023_01;FE;12.4;Mimosa gracilis;1;Cassy
2023_01;FE;12.4;Ruellia angustior;1;Cassy
2023_01;FE;12.4;Tibouchina melastomoides;1;Cassy
2023_01;FE;12.5;Chamaecrista claussenii;5;Cassy
2023_01;FE;12.5;Croton gracilescens;1;Cassy
2023_01;FE;12.5;Cuphea hyssopoides;1;Cassy
2023_01;FE;12.5;Eriope sp;1;Cassy
2023_01;FE;12.5;Hemipogon acerosus;1;Cassy
2023_01;FE;12.5;Ipomoea paulistana;1;Cassy
2023_01;FE;12.5;Justicia lanstyakii;1;Cassy
2023_01;FE;12.5;Manihot kalungae;1;Cassy
2023_01;FE;12.5;Pombalia lanata;1;Cassy
2023_01;FE;12.5;Ruellia nitens;30;Cassy
2023_01;FE;12.6;Chamaecrista claussenii;1;Cassy
2023_01;FE;12.6;Chamaecrista isidorea;1;Cassy
2023_01;FE;12.6;Croton gracilescens;1;Cassy
2023_01;FE;12.6;Eriope sp;1;Cassy
2023_01;FE;12.6;Justicia lanstyakii;1;Cassy
2023_01;FE;12.6;Medusantha mollissima;5;Cassy
2023_01;FE;12.6;Mimosa gracilis;1;Cassy
2023_01;FE;12.6;Oxalis goyazensis;1;Cassy
2023_01;FE;12.6;Pombalia lanata;1;Cassy
2023_01;FE;12.6;Ruellia nitens;1;Cassy
2023_01;FE;12.7;Croton gracilescens;5;Vagner
2023_01;FE;12.7;Eriope sp;1;Vagner
2023_01;FE;12.7;Hemipogon acerosus;1;Vagner
2023_01;FE;12.7;Mimosa gracilis;1;Vagner
2023_01;FE;12.7;Prestonia quinquangularis;1;Vagner
2023_01;FE;12.7;Trixis glutinosa;1;Vagner
2023_01;FE;12.8;Croton gracilescens;5;Vagner
2023_01;FE;12.8;Eriope sp;1;Vagner
2023_01;FE;12.8;Euphorbia potentilloides ;5;Vagner
2023_01;FE;12.8;Heteropterys pannosa;1;Vagner
2023_01;FE;12.8;Ichthyothere hirsuta;1;Vagner
2023_01;FE;12.8;Lippia horridula;1;Vagner
2023_01;FE;12.8;Medusantha mollissima;1;Vagner
2023_01;FE;12.8;Justicia phylocallyx;5;Vagner
2023_01;FE;12.8;Ruellia trachyphylla;10;Vagner
2023_01;FE;12.9;Borreria tenella;1;Vagner
2023_01;FE;12.9;Chamaecrista claussenii;10;Vagner
2023_01;FE;12.9;Cipura xanthomelas;1;Vagner
2023_01;FE;12.9;Croton gracilescens;5;Vagner
2023_01;FE;12.9;Gymneia chapadensis;1;Vagner
2023_01;FE;12.9;Heteropterys pannosa;5;Vagner
2023_01;FE;12.9;Hypenia sp;5;Vagner
2023_01;FE;12.9;Ipomoea paulistana;5;Vagner
2023_01;FE;12.9;Kielmeyera rubriflora;10;Vagner
2023_01;FE;12.9;Manihot kalungae;5;Vagner
2023_01;FE;12.9;Ruellia trachyphylla;10;Vagner
2023_01;FE;12.9;Tibouchina melastomoides;1;Vagner
2023_01;FE;13.1;Borreria tenella;1;Cassy
2023_01;FE;13.1;Croton gracilescens;5;Cassy
2023_01;FE;13.1;Euphorbia potentilloides ;5;Cassy
2023_01;FE;13.1;Gymneia chapadensis;1;Cassy
2023_01;FE;13.1;Hyptis remota;1;Cassy
2023_01;FE;13.1;Ichthyothere hirsuta;5;Cassy
2023_01;FE;13.1;Mimosa gracilis;1;Cassy
2023_01;FE;13.10;Chamaecrista isidorea;10;Vagner
2023_01;FE;13.10;Cipura xanthomelas;1;Vagner
2023_01;FE;13.10;Croton gracilescens;5;Vagner
2023_01;FE;13.10;Cuphea hyssopoides;1;Vagner
2023_01;FE;13.10;Eriope sp;1;Vagner
2023_01;FE;13.10;Hyptis remota;1;Vagner
2023_01;FE;13.10;Mimosa cavalcantina;10;Vagner
2023_01;FE;13.10;Oxalis pyrenea var. macrochaeta;1;Vagner
2023_01;FE;13.2;Anemopaegma arvense;1;Cassy
2023_01;FE;13.2;Camarea ericoides;1;Cassy
2023_01;FE;13.2;Croton gracilescens;1;Cassy
2023_01;FE;13.2;Eriope sp;1;Cassy
2023_01;FE;13.2;Euphorbia longipedunculata;1;Cassy
2023_01;FE;13.2;Gymneia chapadensis;1;Cassy
2023_01;FE;13.2;Mimosa cavalcantina;1;Cassy
2023_01;FE;13.2;Mimosa gracilis;1;Cassy
2023_01;FE;13.2;Oxalis pyrenea var. macrochaeta;1;Cassy
2023_01;FE;13.2;Pombalia lanata;1;Cassy
2023_01;FE;13.2;Ruellia trachyphylla;1;Cassy
2023_01;FE;13.2;Spigelia schlechtendaliana;1;Cassy
2023_01;FE;13.3;Calolisianthus speciosus;1;Cassy
2023_01;FE;13.3;Croton gracilescens;5;Cassy
2023_01;FE;13.3;Ctenodon paniculatus;1;Cassy
2023_01;FE;13.3;Eriope sp;1;Cassy
2023_01;FE;13.3;Eriosema congestum;5;Cassy
2023_01;FE;13.3;Ichthyothere hirsuta;5;Cassy
2023_01;FE;13.3;Oxalis pyrenea var. macrochaeta;1;Cassy
2023_01;FE;13.3;Pseudotrimezia juncifolia;1;Cassy
2023_01;FE;13.4;Bernardia hirsutissima;1;Cassy
2023_01;FE;13.4;Camarea ericoides;1;Cassy
2023_01;FE;13.4;Chamaecrista claussenii;5;Cassy
2023_01;FE;13.4;Croton gracilescens;5;Cassy
2023_01;FE;13.4;Eriope sp;1;Cassy
2023_01;FE;13.4;Eriosema congestum;10;Cassy
2023_01;FE;13.4;Euphorbia potentilloides ;1;Cassy
2023_01;FE;13.4;Gymneia chapadensis;1;Cassy
2023_01;FE;13.4;Heteropterys pannosa;1;Cassy
2023_01;FE;13.4;Ichthyothere hirsuta;1;Cassy
2023_01;FE;13.4;Oxalis pyrenea var. macrochaeta;1;Cassy
2023_01;FE;13.4;Pseudotrimezia juncifolia;1;Cassy
2023_01;FE;13.4;Ruellia trachyphylla;5;Cassy
2023_01;FE;13.5;Croton gracilescens;10;Vagner
2023_01;FE;13.5;Eriope sp;1;Vagner
2023_01;FE;13.5;Eriosema congestum;1;Vagner
2023_01;FE;13.5;Euphorbia potentilloides ;1;Vagner
2023_01;FE;13.5;Heteropterys pannosa;1;Vagner
2023_01;FE;13.5;Manihot kalungae;1;Vagner
2023_01;FE;13.5;Pseudotrimezia juncifolia;1;Vagner
2023_01;FE;13.5;Ruellia angustior;10;Vagner
2023_01;FE;13.5;Ruellia trachyphylla;1;Vagner
2023_01;FE;13.6;Aldama grandiflora;20;Vagner
2023_01;FE;13.6;Borreria tenella;1;Vagner
2023_01;FE;13.6;Chamaecrista isidorea;5;Vagner
2023_01;FE;13.6;Cipura xanthomelas;1;Vagner
2023_01;FE;13.6;Croton gracilescens;5;Vagner
2023_01;FE;13.6;Euphorbia potentilloides ;1;Vagner
2023_01;FE;13.6;Heteropterys pannosa;1;Vagner
2023_01;FE;13.6;Ipomoea paulistana;1;Vagner
2023_01;FE;13.6;Pombalia lanata;1;Vagner
2023_01;FE;13.7;Croton gracilescens;5;Vagner
2023_01;FE;13.7;Cuphea hyssopoides;1;Vagner
2023_01;FE;13.7;Eriope sp;1;Vagner
2023_01;FE;13.7;Eriosema congestum;10;Vagner
2023_01;FE;13.7;Euphorbia potentilloides ;1;Vagner
2023_01;FE;13.7;Gymneia chapadensis;1;Vagner
2023_01;FE;13.7;Heteropterys pannosa;1;Vagner
2023_01;FE;13.7;Medusantha mollissima;1;Vagner
2023_01;FE;13.7;Pombalia lanata;1;Vagner
2023_01;FE;13.8;Chamaecrista ochrosperma;1;Vagner
2023_01;FE;13.8;Croton gracilescens;5;Vagner
2023_01;FE;13.8;Eriope sp;1;Vagner
2023_01;FE;13.8;Galactia sp;1;Vagner
2023_01;FE;13.8;Ipomoea paulistana;1;Vagner
2023_01;FE;13.8;Ruellia trachyphylla;1;Vagner
2023_01;FE;13.8;Tibouchina melastomoides;1;Vagner
2023_01;FE;13.9;Camarea ericoides;1;Vagner
2023_01;FE;13.9;Croton gracilescens;5;Vagner
2023_01;FE;13.9;Dalechampia linearis;5;Vagner
2023_01;FE;13.9;Eriope sp;1;Vagner
2023_01;FE;13.9;Euphorbia potentilloides ;5;Vagner
2023_01;FE;13.9;Heteropterys pannosa;1;Vagner
2023_01;FE;13.9;Oxalis pyrenea var. macrochaeta;1;Vagner
2023_01;BF;17.1;Senega celosioides;1;Cassy
2023_01;BF;17.1;Pombalia lanata;1;Cassy
2023_01;BF;17.1;Ctenodon paniculatus;1;Cassy
2023_01;BF;17.1;Aldama grandiflora;1;Cassy
2023_01;BF;17.1;Bernardia hirsutissima;1;Cassy
2023_01;BF;17.1;Chamaecrista claussenii;5;Cassy
2023_01;BF;17.1;Chamaecrista fagonioides;1;Cassy
2023_01;BF;17.1;Croton gracilescens;10;Cassy
2023_01;BF;17.1;Declieuxia lancifolia;1;Cassy
2023_01;BF;17.1;Gymneia chapadensis;1;Cassy
2023_01;BF;17.1;Heteropterys pannosa;1;Cassy
2023_01;BF;17.1;Hyptis remota;5;Cassy
2023_01;BF;17.1;Ipomoea fiebrigii;5;Cassy
2023_01;BF;17.1;Justicia lanstyakii;10;Cassy
2023_01;BF;17.1;Medusantha mollissima;5;Cassy
2023_01;BF;17.1;Ruellia nitens;10;Cassy
2023_01;BF;17.1;Stachytarpheta villosa;1;Cassy
2023_01;BF;17.1;Tibouchina melastomoides;1;Cassy
2023_01;BF;17.10;Senega celosioides;1;Cassy
2023_01;BF;17.10;Ctenodon paniculatus;1;Cassy
2023_01;BF;17.10;Amasonia hirta;5;Cassy
2023_01;BF;17.10;Bernardia hirsutissima;5;Cassy
2023_01;BF;17.10;Camarea ericoides;5;Cassy
2023_01;BF;17.10;Chamaecrista claussenii;1;Cassy
2023_01;BF;17.10;Croton gracilescens;5;Cassy
2023_01;BF;17.10;Euphorbia potentilloides;1;Cassy
2023_01;BF;17.10;Gymneia chapadensis;1;Cassy
2023_01;BF;17.10;Hyptis remota;1;Cassy
2023_01;BF;17.10;Justicia lanstyakii;5;Cassy
2023_01;BF;17.10;Medusantha mollissima;1;Cassy
2023_01;BF;17.10;Mimosa gracilis;1;Cassy
2023_01;BF;17.10;Stachytarpheta villosa;1;Cassy
2023_01;BF;17.10;Pseudotrimezia juncifolia;1;Cassy
2023_01;BF;17.10;Trixis glutinosa;1;Cassy
2023_01;BF;17.2;Lippia horridula;1;Cassy
2023_01;BF;17.2;Pombalia lanata;1;Cassy
2023_01;BF;17.2;Aldama grandiflora;5;Cassy
2023_01;BF;17.2;Cipura xanthomelas;1;Cassy
2023_01;BF;17.2;Croton gracilescens;5;Cassy
2023_01;BF;17.2;Crumenaria choretroides;1;Cassy
2023_01;BF;17.2;Eriope sp;1;Cassy
2023_01;BF;17.2;Euphorbia potentilloides;1;Cassy
2023_01;BF;17.2;Gymneia chapadensis;1;Cassy
2023_01;BF;17.2;Habenaria tamanduensis;1;Cassy
2023_01;BF;17.2;Heteropterys pannosa;5;Cassy
2023_01;BF;17.2;Hyptis remota;5;Cassy
2023_01;BF;17.2;Ichthyothere hirsuta;1;Cassy
2023_01;BF;17.2;Ipomoea fiebrigii;5;Cassy
2023_01;BF;17.2;Ruellia angustior;1;Cassy
2023_01;BF;17.2;Ruellia nitens;20;Cassy
2023_01;BF;17.2;Tibouchina melastomoides;1;Cassy
2023_01;BF;17.3;Senega celosioides;1;Vagner
2023_01;BF;17.3;Aldama grandiflora;10;Vagner
2023_01;BF;17.3;Chamaecrista ochrosperma;10;Vagner
2023_01;BF;17.3;Cuphea hyssopoides;1;Vagner
2023_01;BF;17.3;Desmodium platycarpum;1;Vagner
2023_01;BF;17.3;Gymneia chapadensis;10;Vagner
2023_01;BF;17.3;Heteropterys pannosa;5;Vagner
2023_01;BF;17.3;Justicia lanstyakii;1;Vagner
2023_01;BF;17.3;Mimosa macrocephala;5;Vagner
2023_01;BF;17.3;Ruellia nitens;1;Vagner
2023_01;BF;17.4;Aldama grandiflora;5;Vagner
2023_01;BF;17.4;Bernardia hirsutissima;1;Vagner
2023_01;BF;17.4;Calliandra dysantha;1;Vagner
2023_01;BF;17.4;Calolisianthus speciosus;5;Vagner
2023_01;BF;17.4;Chamaecrista ochrosperma;10;Vagner
2023_01;BF;17.4;Croton gracilescens;10;Vagner
2023_01;BF;17.4;Cuphea hyssopoides;1;Vagner
2023_01;BF;17.4;Cuphea spermacoce;10;Vagner
2023_01;BF;17.4;Eriope sp;5;Vagner
2023_01;BF;17.4;Euphorbia potentilloides;1;Vagner
2023_01;BF;17.4;Gymneia chapadensis;10;Vagner
2023_01;BF;17.4;Hemipogon acerosus;1;Vagner
2023_01;BF;17.4;Heteropterys pannosa;5;Vagner
2023_01;BF;17.4;Mimosa macrocephala;5;Vagner
2023_01;BF;17.4;Ruellia nitens;5;Vagner
2023_01;BF;17.5;Lippia horridula;1;Vagner
2023_01;BF;17.5;Aldama grandiflora;5;Vagner
2023_01;BF;17.5;Amasonia hirta;5;Vagner
2023_01;BF;17.5;Buchnera longipes;1;Vagner
2023_01;BF;17.5;Calliandra dysantha;5;Vagner
2023_01;BF;17.5;Croton gracilescens;5;Vagner
2023_01;BF;17.5;Cuphea hyssopoides;1;Vagner
2023_01;BF;17.5;Eriope sp;1;Vagner
2023_01;BF;17.5;Heteropterys pannosa;1;Vagner
2023_01;BF;17.5;Hyptis remota;1;Vagner
2023_01;BF;17.5;Ruellia trachyphylla;10;Vagner
2023_01;BF;17.5;Tibouchina melastomoides;1;Vagner
2023_01;BF;17.6;Lippia horridula;1;Vagner
2023_01;BF;17.6;Aldama grandiflora;5;Vagner
2023_01;BF;17.6;Chamaecrista ochrosperma;20;Vagner
2023_01;BF;17.6;Croton gracilescens;5;Vagner
2023_01;BF;17.6;Gymneia chapadensis;5;Vagner
2023_01;BF;17.6;Manihot kalungae;1;Vagner
2023_01;BF;17.6;Borreria tenella;1;Vagner
2023_01;BF;17.7;Senega celosioides;1;Cassy
2023_01;BF;17.7;Pombalia lanata;1;Cassy
2023_01;BF;17.7;Aldama grandiflora;20;Cassy
2023_01;BF;17.7;Calliandra dysantha;5;Cassy
2023_01;BF;17.7;Croton gracilescens;5;Cassy
2023_01;BF;17.7;Gymneia chapadensis;1;Cassy
2023_01;BF;17.7;Heteropterys pannosa;1;Cassy
2023_01;BF;17.7;Hyptis remota;1;Cassy
2023_01;BF;17.7;Ichthyothere hirsuta;1;Cassy
2023_01;BF;17.7;Justicia lanstyakii;5;Cassy
2023_01;BF;17.7;Mimosa gracilis;5;Cassy
2023_01;BF;17.8;Aldama grandiflora;20;Cassy
2023_01;BF;17.8;Calliandra dysantha;1;Cassy
2023_01;BF;17.8;Chamaecrista claussenii;5;Cassy
2023_01;BF;17.8;Croton gracilescens;10;Cassy
2023_01;BF;17.8;Declieuxia lancifolia;1;Cassy
2023_01;BF;17.8;Gymneia chapadensis;5;Cassy
2023_01;BF;17.8;Heteropterys pannosa;10;Cassy
2023_01;BF;17.8;Ruellia trachyphylla;10;Cassy
2023_01;BF;17.9;Senega celosioides;1;Cassy
2023_01;BF;17.9;Ctenodon paniculatus;5;Cassy
2023_01;BF;17.9;Bernardia hirsutissima;5;Cassy
2023_01;BF;17.9;Chamaecrista ochrosperma;5;Cassy
2023_01;BF;17.9;Cipura xanthomelas;1;Cassy
2023_01;BF;17.9;Croton gracilescens;1;Cassy
2023_01;BF;17.9;Eriope sp;1;Cassy
2023_01;BF;17.9;Gymneia chapadensis;5;Cassy
2023_01;BF;17.9;Ruellia trachyphylla;10;Cassy
2023_01;BF;17.9;Tibouchina melastomoides;1;Cassy
2023_01;BF;2.1;Lippia horridula;1;Cassy
2023_01;BF;2.1;Senega abreui;1;Cassy
2023_01;BF;2.1;Calliandra dysantha;1;Cassy
2023_01;BF;2.1;Chamaecrista claussenii;20;Cassy
2023_01;BF;2.1;Croton gracilescens;5;Cassy
2023_01;BF;2.1;Eriope sp;1;Cassy
2023_01;BF;2.1;Gymneia chapadensis;1;Cassy
2023_01;BF;2.1;Hyptis remota;5;Cassy
2023_01;BF;2.1;Mimosa gracilis;1;Cassy
2023_01;BF;2.1;Oxalis goyazensis;1;Cassy
2023_01;BF;2.1;Ruellia trachyphylla;10;Cassy
2023_01;BF;2.1;Borreria tenella;1;Cassy
2023_01;BF;2.10;Calolisianthus speciosus;1;Vagner
2023_01;BF;2.10;Camarea ericoides;1;Vagner
2023_01;BF;2.10;Croton gracilescens;1;Vagner
2023_01;BF;2.10;Heteropterys pannosa;5;Vagner
2023_01;BF;2.10;Hyptis remota;5;Vagner
2023_01;BF;2.10;Mimosa gracilis;1;Vagner
2023_01;BF;2.10;Tibouchina melastomoides;5;Vagner
2023_01;BF;2.2;Calolisianthus speciosus;1;Cassy
2023_01;BF;2.2;Chamaecrista claussenii;10;Cassy
2023_01;BF;2.2;Chamaecrista ochrosperma;1;Cassy
2023_01;BF;2.2;Croton gracilescens;5;Cassy
2023_01;BF;2.2;Gymneia chapadensis;1;Cassy
2023_01;BF;2.2;Heteropterys pannosa;1;Cassy
2023_01;BF;2.2;Ruellia trachyphylla;5;Cassy
2023_01;BF;2.2;Trixis glutinosa;1;Cassy
2023_01;BF;2.2;Senega poaya;1;Cassy
2023_01;BF;2.3;Ctenodon paniculatus;5;Cassy
2023_01;BF;2.3;Anemopaegma arvense;5;Cassy
2023_01;BF;2.3;Croton gracilescens;1;Cassy
2023_01;BF;2.3;Eriope sp;1;Cassy
2023_01;BF;2.3;Euphorbia potentilloides;1;Cassy
2023_01;BF;2.3;Mimosa gracilis;1;Cassy
2023_01;BF;2.3;Ruellia trachyphylla;10;Cassy
2023_01;BF;2.3;Borreria tenella;1;Cassy
2023_01;BF;2.3;Tibouchina melastomoides;1;Cassy
2023_01;BF;2.4;Ctenodon paniculatus;1;Cassy
2023_01;BF;2.4;Anemopaegma arvense;5;Cassy
2023_01;BF;2.4;Borreria poaya;1;Cassy
2023_01;BF;2.4;Croton gracilescens;1;Cassy
2023_01;BF;2.4;Eriope sp;1;Cassy
2023_01;BF;2.4;Euphorbia potentilloides;1;Cassy
2023_01;BF;2.4;Gymneia chapadensis;5;Cassy
2023_01;BF;2.4;Hyptis remota;10;Cassy
2023_01;BF;2.4;Ruellia trachyphylla;1;Cassy
2023_01;BF;2.5;Pombalia lanata;1;Vagner
2023_01;BF;2.5;Buchnera longipes;1;Vagner
2023_01;BF;2.5;Chamaecrista claussenii;30;Vagner
2023_01;BF;2.5;Croton gracilescens;1;Vagner
2023_01;BF;2.5;Cuphea spermacoce;1;Vagner
2023_01;BF;2.5;Eriosema congestum;10;Vagner
2023_01;BF;2.5;Euphorbia potentilloides;1;Vagner
2023_01;BF;2.5;Gymneia chapadensis;1;Vagner
2023_01;BF;2.5;Habenaria tamanduensis;1;Vagner
2023_01;BF;2.5;Heteropterys pannosa;1;Vagner
2023_01;BF;2.5;Mimosa gracilis;1;Vagner
2023_01;BF;2.5;Ruellia trachyphylla;10;Vagner
2023_01;BF;2.5;Borreria tenella;1;Vagner
2023_01;BF;2.6;Buchnera longipes;1;Vagner
2023_01;BF;2.6;Chamaecrista ochrosperma;1;Vagner
2023_01;BF;2.6;Croton gracilescens;5;Vagner
2023_01;BF;2.6;Cuphea spermacoce;1;Vagner
2023_01;BF;2.6;Deianira pallescens;1;Vagner
2023_01;BF;2.6;Eriope sp;1;Vagner
2023_01;BF;2.6;Gymneia chapadensis;1;Vagner
2023_01;BF;2.6;Hyptis remota;1;Vagner
2023_01;BF;2.6;Justicia lanstyakii;1;Vagner
2023_01;BF;2.6;Ruellia trachyphylla;10;Vagner
2023_01;BF;2.7;Pombalia lanata;1;Vagner
2023_01;BF;2.7;Chamaecrista ochrosperma;5;Vagner
2023_01;BF;2.7;Croton gracilescens;1;Vagner
2023_01;BF;2.7;Cuphea hyssopoides;1;Vagner
2023_01;BF;2.7;Eriope sp;1;Vagner
2023_01;BF;2.7;Justicia lanstyakii;5;Vagner
2023_01;BF;2.7;Manihot kalungae;1;Vagner
2023_01;BF;2.7;Sisyrinchium luzula;1;Vagner
2023_01;BF;2.8;Chamaecrista ochrosperma;5;Vagner
2023_01;BF;2.8;Croton gracilescens;5;Vagner
2023_01;BF;2.8;Crumenaria choretroides;1;Vagner
2023_01;BF;2.8;Eriope sp;1;Vagner
2023_01;BF;2.8;Hyptis remota;1;Vagner
2023_01;BF;2.8;Mimosa gracilis;1;Vagner
2023_01;BF;2.8;Oxalis pyrenea var. macrochaeta;1;Vagner
2023_01;BF;2.8;Porophyllum obscurum;1;Vagner
2023_01;BF;2.8;Ruellia trachyphylla;10;Vagner
2023_01;BF;2.8;Borreria tenella;1;Vagner
2023_01;BF;2.8;Turnera emendata;5;Vagner
2023_01;BF;2.9;Lippia horridula;1;Vagner
2023_01;BF;2.9;Croton gracilescens;1;Vagner
2023_01;BF;2.9;Eriope sp;1;Vagner
2023_01;BF;2.9;Justicia lanstyakii;1;Vagner
2023_01;BF;2.9;Mimosa gracilis;1;Vagner
2023_01;BF;23.1;Pombalia lanata;1;Cassy
2023_01;BF;23.1;Aldama grandiflora;1;Cassy
2023_01;BF;23.1;Croton gracilescens;1;Cassy
2023_01;BF;23.1;Euphorbia potentilloides;1;Cassy
2023_01;BF;23.1;Gymneia chapadensis;1;Cassy
2023_01;BF;23.1;Heteropterys pannosa;1;Cassy
2023_01;BF;23.1;Hyptis remota;1;Cassy
2023_01;BF;23.1;Justicia lanstyakii;1;Cassy
2023_01;BF;23.1;Mimosa cavalcantina;1;Cassy
2023_01;BF;23.1;Mimosa gracilis;1;Cassy
2023_01;BF;23.1;Ruellia trachyphylla;5;Cassy
2023_01;BF;23.1;Tibouchina melastomoides;1;Cassy
2023_01;BF;23.10;Bernardia hirsutissima;5;Vagner
2023_01;BF;23.10;Chamaecrista claussenii;1;Vagner
2023_01;BF;23.10;Croton gracilescens;5;Vagner
2023_01;BF;23.10;Cuphea hyssopoides;1;Vagner
2023_01;BF;23.10;Desmodium platycarpum;1;Vagner
2023_01;BF;23.10;Eriope sp;1;Vagner
2023_01;BF;23.10;Gymneia chapadensis;5;Vagner
2023_01;BF;23.10;Heteropterys pannosa;1;Vagner
2023_01;BF;23.10;Hyptis remota;5;Vagner
2023_01;BF;23.10;Mimosa gracilis;1;Vagner
2023_01;BF;23.10;Ruellia nitens;1;Vagner
2023_01;BF;23.2;Pombalia lanata;1;Cassy
2023_01;BF;23.2;Aldama grandiflora;5;Cassy
2023_01;BF;23.2;Calliandra dysantha;5;Cassy
2023_01;BF;23.2;Calolisianthus speciosus;5;Cassy
2023_01;BF;23.2;Croton gracilescens;1;Cassy
2023_01;BF;23.2;Deianira pallescens;1;Cassy
2023_01;BF;23.2;Eriope sp;1;Cassy
2023_01;BF;23.2;Euphorbia potentilloides;1;Cassy
2023_01;BF;23.2;Hyptis remota;5;Cassy
2023_01;BF;23.2;Borreria tenella;5;Cassy
2023_01;BF;23.2;Tibouchina melastomoides;1;Cassy
2023_01;BF;23.3;Chamaecrista claussenii;5;Cassy
2023_01;BF;23.3;Chamaecrista isidorea;1;Cassy
2023_01;BF;23.3;Croton gracilescens;5;Cassy
2023_01;BF;23.3;Eriope sp;1;Cassy
2023_01;BF;23.3;Hyptis remota;1;Cassy
2023_01;BF;23.3;Ichthyothere hirsuta;1;Cassy
2023_01;BF;23.3;Justicia lanstyakii;5;Cassy
2023_01;BF;23.3;Medusantha mollissima;5;Cassy
2023_01;BF;23.3;Oxalis goyazensis;5;Cassy
2023_01;BF;23.3;Tibouchina melastomoides;1;Cassy
2023_01;BF;23.4;Pombalia lanata;1;Cassy
2023_01;BF;23.4;Aldama grandiflora;5;Cassy
2023_01;BF;23.4;Bernardia hirsutissima;1;Cassy
2023_01;BF;23.4;Chamaecrista claussenii;10;Cassy
2023_01;BF;23.4;Chamaecrista ochrosperma;1;Cassy
2023_01;BF;23.4;Croton gracilescens;5;Cassy
2023_01;BF;23.4;Eriope sp;5;Cassy
2023_01;BF;23.4;Euphorbia potentilloides;1;Cassy
2023_01;BF;23.4;Gymneia chapadensis;5;Cassy
2023_01;BF;23.4;Hyptis remota;5;Cassy
2023_01;BF;23.4;Borreria tenella;1;Cassy
2023_01;BF;23.5;Ayapana amygdalina;1;Cassy
2023_01;BF;23.5;Chamaecrista claussenii;5;Cassy
2023_01;BF;23.5;Chamaecrista isidorea;1;Cassy
2023_01;BF;23.5;Cipura xanthomelas;1;Cassy
2023_01;BF;23.5;Croton gracilescens;5;Cassy
2023_01;BF;23.5;Cuphea hyssopoides;1;Cassy
2023_01;BF;23.5;Eriope sp;5;Cassy
2023_01;BF;23.5;Euphorbia potentilloides;1;Cassy
2023_01;BF;23.5;Gymneia chapadensis;1;Cassy
2023_01;BF;23.5;Habenaria tamanduensis;1;Cassy
2023_01;BF;23.5;Heteropterys pannosa;1;Cassy
2023_01;BF;23.5;Hyptis remota;10;Cassy
2023_01;BF;23.5;Ichthyothere hirsuta;1;Cassy
2023_01;BF;23.5;Justicia lanstyakii;5;Cassy
2023_01;BF;23.5;Medusantha mollissima;1;Cassy
2023_01;BF;23.5;Ruellia angustior;10;Cassy
2023_01;BF;23.5;Tibouchina melastomoides;1;Cassy
2023_01;BF;23.6;Ctenodon paniculatus;1;Cassy
2023_01;BF;23.6;Chamaecrista claussenii;40;Cassy
2023_01;BF;23.6;Croton gracilescens;1;Cassy
2023_01;BF;23.6;Euphorbia potentilloides;1;Cassy
2023_01;BF;23.6;Hemipogon acerosus;1;Cassy
2023_01;BF;23.6;Hyptis remota;10;Cassy
2023_01;BF;23.6;Ichthyothere hirsuta;1;Cassy
2023_01;BF;23.6;Manihot kalungae;1;Cassy
2023_01;BF;23.6;Mimosa gracilis;1;Cassy
2023_01;BF;23.6;Ruellia angustior;10;Cassy
2023_01;BF;23.6;Borreria tenella;1;Cassy
2023_01;BF;23.6;Lippia horridula;1;Cassy
2023_01;BF;23.7;Bernardia hirsutissima;1;Vagner
2023_01;BF;23.7;Chamaecrista ochrosperma;5;Vagner
2023_01;BF;23.7;Croton gracilescens;5;Vagner
2023_01;BF;23.7;Gymneia chapadensis;1;Vagner
2023_01;BF;23.7;Heteropterys pannosa;1;Vagner
2023_01;BF;23.7;Hyptis remota;10;Vagner
2023_01;BF;23.7;Mimosa gracilis;1;Vagner
2023_01;BF;23.7;Oxalis goyazensis;5;Vagner
2023_01;BF;23.7;Borreria tenella;1;Vagner
2023_01;BF;23.8;Ctenodon paniculatus;1;Vagner
2023_01;BF;23.8;Aldama grandiflora;20;Vagner
2023_01;BF;23.8;Calliandra dysantha;5;Vagner
2023_01;BF;23.8;Chamaecrista claussenii;1;Vagner
2023_01;BF;23.8;Croton gracilescens;1;Vagner
2023_01;BF;23.8;Cuphea hyssopoides;1;Vagner
2023_01;BF;23.8;Deianira pallescens;1;Vagner
2023_01;BF;23.8;Desmodium platycarpum;1;Vagner
2023_01;BF;23.8;Euphorbia potentilloides;1;Vagner
2023_01;BF;23.8;Heteropterys pannosa;5;Vagner
2023_01;BF;23.8;Hyptis remota;5;Vagner
2023_01;BF;23.8;Ichthyothere hirsuta;1;Vagner
2023_01;BF;23.8;Ruellia trachyphylla;10;Vagner
2023_01;BF;23.9;Aldama grandiflora;10;Vagner
2023_01;BF;23.9;Byttneria jaculifolia;1;Vagner
2023_01;BF;23.9;Calolisianthus speciosus;1;Vagner
2023_01;BF;23.9;Chamaecrista isidorea;5;Vagner
2023_01;BF;23.9;Croton gracilescens;5;Vagner
2023_01;BF;23.9;Eriope sp;5;Vagner
2023_01;BF;23.9;Euphorbia potentilloides;1;Vagner
2023_01;BF;23.9;Gymneia chapadensis;1;Vagner
2023_01;BF;23.9;Heteropterys pannosa;1;Vagner
2023_01;BF;23.9;Ichthyothere hirsuta;1;Vagner
2023_01;BF;23.9;Justicia lanstyakii;1;Vagner
2023_01;FE;V.21;Borreria tenella;1;Vagner
2023_01;FE;V.21;Chamaecrista claussenii;5;Vagner
2023_01;FE;V.21;Croton gracilescens;5;Vagner
2023_01;FE;V.21;Eriope sp;1;Vagner
2023_01;FE;V.21;Gymneia chapadensis;1;Vagner
2023_01;FE;V.21;Justicia lanstyakii;5;Vagner
2023_01;FE;V.21;Ruellia nitens;1;Vagner
2023_01;FE;V.22;Croton gracilescens;1;Vagner
2023_01;FE;V.22;Eriope sp;1;Vagner
2023_01;FE;V.22;Gymneia chapadensis;1;Vagner
2023_01;FE;V.22;Medusantha mollissima;1;Vagner
2023_01;FE;V.22;Pombalia lanata;1;Vagner
2023_01;FE;V.23;Borreria tenella;1;Vagner
2023_01;FE;V.23;Croton gracilescens;1;Vagner
2023_01;FE;V.23;Eriope sp;1;Vagner
2023_01;FE;V.23;Euphorbia potentilloides ;5;Vagner
2023_01;FE;V.23;Gymneia chapadensis;10;Vagner
2023_01;FE;V.23;Ruellia trachyphylla;1;Vagner
2023_01;FE;V.24;Croton gracilescens;5;Vagner
2023_01;FE;V.24;Heteropterys pannosa;5;Vagner
2023_01;FE;V.24;Hyptis remota;1;Vagner
2023_01;FE;V.25;Croton gracilescens;5;Vagner
2023_01;FE;V.25;Eriope sp;1;Vagner
2023_01;FE;V.25;Gymneia chapadensis;5;Vagner
2023_01;FE;V.25;Heteropterys pannosa;1;Vagner
2023_01;FE;V.25;Hyptis remota;1;Vagner
2023_01;FE;V.25;Ichthyothere hirsuta;1;Vagner
2023_01;FE;V.25;Ipomoea fiebrigii;1;Vagner
2023_01;FE;V.26;Aldama grandiflora;10;Vagner
2023_01;FE;V.26;Croton gracilescens;5;Vagner
2023_01;FE;V.26;Eriope sp;1;Vagner
2023_01;FE;V.26;Gymneia chapadensis;5;Vagner
2023_01;FE;V.26;Medusantha mollissima;1;Vagner
2023_01;FE;V.26;Oxalis goyazensis;1;Vagner
2023_01;FE;V.26;Ruellia nitens;1;Vagner
2023_01;FE;V.28;Borreria tenella;1;Cassy
2023_01;FE;V.28;Croton gracilescens;5;Cassy
2023_01;FE;V.28;Eriope sp;1;Cassy
2023_01;FE;V.28;Eriosema congestum;5;Cassy
2023_01;FE;V.28;Galactia sp;1;Cassy
2023_01;FE;V.28;Heteropterys pannosa;1;Cassy
2023_01;FE;V.28;Hyptis remota;1;Cassy
2023_01;FE;V.28;Justicia lanstyakii;1;Cassy
2023_01;FE;V.28;Kielmeyera rubriflora;10;Cassy
2023_01;FE;V.28;Manihot kalungae;5;Cassy
2023_01;FE;V.28;Oxalis pyrenea var. macrochaeta;1;Cassy
2023_01;FE;V.28;Pombalia lanata;1;Cassy
2023_01;FE;V.29;Aristolochia claussenii;1;Cassy
2023_01;FE;V.29;Calolisianthus speciosus;1;Cassy
2023_01;FE;V.29;Croton gracilescens;1;Cassy
2023_01;FE;V.29;Heteropterys pannosa;1;Cassy
2023_01;FE;V.29;Ichthyothere hirsuta;1;Cassy
2023_01;FE;V.29;Oxalis goyazensis;1;Cassy
2023_01;FE;V.30;Chamaecrista claussenii;5;Cassy
2023_01;FE;V.30;Chamaecrista isidorea;1;Cassy
2023_01;FE;V.30;Croton gracilescens;1;Cassy
2023_01;FE;V.30;Eriope sp;1;Cassy
2023_01;FE;V.30;Euphorbia longipedunculata;1;Cassy
2023_01;FE;V.30;Gymneia chapadensis;1;Cassy
2023_01;FE;V.30;Ichthyothere hirsuta;1;Cassy
2023_01;FE;V.30;Ipomoea paulistana;1;Cassy
2023_01;FE;V.30;Justicia lanstyakii;1;Cassy
2023_01;FE;V.30;Tibouchina melastomoides;1;Cassy
2024_01;BF;10.1;Croton gracilescens;5;Giacom
2024_01;BF;10.1;Eriope sp;1;Giacom
2024_01;BF;10.1;Hypenia sp;1;Giacom
2024_01;BF;10.1;Hyptis remota;1;Giacom
2024_01;BF;10.1;Medusantha mollissima;1;Giacom
2024_01;BF;10.1;Mimosa gracilis;1;Giacom
2024_01;BF;10.1;Porophyllum obscurum;1;Giacom
2024_01;BF;10.1;Ruellia trachyphylla;5;Giacom
2024_01;BF;10.1;Borreria tenella;1;Giacom
2024_01;BF;10.1;Pseudotrimezia juncifolia;1;Giacom
2024_01;BF;10.10;Aldama bracteata;5;Giacom
2024_01;BF;10.10;Aldama grandiflora;1;Giacom
2024_01;BF;10.10;Chamaecrista claussenii;30;Giacom
2024_01;BF;10.10;Chamaecrista isidorea;5;Giacom
2024_01;BF;10.10;Croton gracilescens;1;Giacom
2024_01;BF;10.10;Deianira pallescens;1;Giacom
2024_01;BF;10.10;Hyptis remota;5;Giacom
2024_01;BF;10.10;Aristolochia claussenii;1;Giacom
2024_01;BF;10.2;Croton gracilescens;5;Giacom
2024_01;BF;10.2;Diplusodon paraisoensis;1;Giacom
2024_01;BF;10.2;Eriope sp;5;Giacom
2024_01;BF;10.2;Euphorbia potentilloides;1;Giacom
2024_01;BF;10.2;Heteropterys pannosa;5;Giacom
2024_01;BF;10.2;Hyptis remota;1;Giacom
2024_01;BF;10.2;Oxalis pyrenea var. macrochaeta;1;Giacom
2024_01;BF;10.2;Ruellia trachyphylla;10;Giacom
2024_01;BF;10.2;Borreria tenella;1;Giacom
2024_01;BF;10.3;Amasonia hirta;1;Giacom
2024_01;BF;10.3;Croton gracilescens;1;Giacom
2024_01;BF;10.3;Deianira pallescens;1;Giacom
2024_01;BF;10.3;Diplusodon paraisoensis;1;Giacom
2024_01;BF;10.3;Euphorbia potentilloides;1;Giacom
2024_01;BF;10.3;Gymneia chapadensis;10;Giacom
2024_01;BF;10.3;Hyptis remota;1;Giacom
2024_01;BF;10.3;Kielmeyera rubriflora;5;Giacom
2024_01;BF;10.3;Mimosa cavalcantina;5;Giacom
2024_01;BF;10.3;Mimosa gracilis;5;Giacom
2024_01;BF;10.3;Borreria tenella;1;Giacom
2024_01;BF;10.4;Calolisianthus speciosus;5;Giacom
2024_01;BF;10.4;Chamaecrista claussenii;1;Giacom
2024_01;BF;10.4;Chamaecrista isidorea;1;Giacom
2024_01;BF;10.4;Croton gracilescens;1;Giacom
2024_01;BF;10.4;Deianira pallescens;1;Giacom
2024_01;BF;10.4;Eriope sp;1;Giacom
2024_01;BF;10.4;Euphorbia potentilloides;5;Giacom
2024_01;BF;10.4;Gomphrena sp;1;Giacom
2024_01;BF;10.4;Gymneia chapadensis;1;Giacom
2024_01;BF;10.4;Heteropterys pannosa;5;Giacom
2024_01;BF;10.4;Hypenia sp;1;Giacom
2024_01;BF;10.4;Mimosa gracilis;1;Giacom
2024_01;BF;10.4;Porophyllum obscurum;1;Giacom
2024_01;BF;10.4;Ruellia trachyphylla;5;Giacom
2024_01;BF;10.5;Chamaecrista ochrosperma;10;Giacom
2024_01;BF;10.5;Croton gracilescens;5;Giacom
2024_01;BF;10.5;Cuphea hyssopoides;5;Giacom
2024_01;BF;10.5;Declieuxia lancifolia;1;Giacom
2024_01;BF;10.5;Diplusodon paraisoensis;1;Giacom
2024_01;BF;10.5;Eriope sp;1;Giacom
2024_01;BF;10.5;Euphorbia potentilloides;1;Giacom
2024_01;BF;10.5;Hyptis remota;1;Giacom
2024_01;BF;10.5;Ruellia nitens;5;Giacom
2024_01;BF;10.5;Aristolochia claussenii;1;Giacom
2024_01;BF;10.6;Aldama grandiflora;5;Giacom
2024_01;BF;10.6;Chamaecrista claussenii;20;Giacom
2024_01;BF;10.6;Cipura xanthomelas;1;Giacom
2024_01;BF;10.6;Croton gracilescens;1;Giacom
2024_01;BF;10.6;Cuphea hyssopoides;5;Giacom
2024_01;BF;10.6;Diplusodon paraisoensis;1;Giacom
2024_01;BF;10.6;Eriope sp;1;Giacom
2024_01;BF;10.6;Gymneia chapadensis;1;Giacom
2024_01;BF;10.6;Hypenia sp;1;Giacom
2024_01;BF;10.6;Hyptis remota;1;Giacom
2024_01;BF;10.6;Medusantha mollissima;5;Giacom
2024_01;BF;10.6;Porophyllum obscurum;1;Giacom
2024_01;BF;10.6;Ruellia nitens;5;Giacom
2024_01;BF;10.7;Anemopaegma arvense;1;Giacom
2024_01;BF;10.7;Bernardia hirsutissima;1;Giacom
2024_01;BF;10.7;Croton gracilescens;5;Giacom
2024_01;BF;10.7;Declieuxia lancifolia;1;Giacom
2024_01;BF;10.7;Diplusodon paraisoensis;5;Giacom
2024_01;BF;10.7;Eriope sp;1;Giacom
2024_01;BF;10.7;Gymneia chapadensis;5;Giacom
2024_01;BF;10.7;Hemipogon acerosus;5;Giacom
2024_01;BF;10.7;Heteropterys pannosa;5;Giacom
2024_01;BF;10.7;Hyptis remota;5;Giacom
2024_01;BF;10.7;Justicia lanstyakii;5;Giacom
2024_01;BF;10.8;Anemopaegma arvense;1;Giacom
2024_01;BF;10.8;Chamaecrista claussenii;20;Giacom
2024_01;BF;10.8;Cipura xanthomelas;1;Giacom
2024_01;BF;10.8;Croton gracilescens;1;Giacom
2024_01;BF;10.8;Cuphea hyssopoides;1;Giacom
2024_01;BF;10.8;Eriope sp;1;Giacom
2024_01;BF;10.8;Euphorbia potentilloides;1;Giacom
2024_01;BF;10.8;Gymneia chapadensis;5;Giacom
2024_01;BF;10.8;Hypenia sp;5;Giacom
2024_01;BF;10.8;Hyptis remota;1;Giacom
2024_01;BF;10.8;Medusantha mollissima;1;Giacom
2024_01;BF;10.8;Mimosa cavalcantina;1;Giacom
2024_01;BF;10.8;Oxalis goyazensis;5;Giacom
2024_01;BF;10.8;Porophyllum obscurum;1;Giacom
2024_01;BF;10.8;Ruellia nitens;5;Giacom
2024_01;BF;10.9;Croton gracilescens;5;Giacom
2024_01;BF;10.9;Deianira pallescens;1;Giacom
2024_01;BF;10.9;Diplusodon paraisoensis;5;Giacom
2024_01;BF;10.9;Eriope sp;1;Giacom
2024_01;BF;10.9;Hemipogon acerosus;1;Giacom
2024_01;BF;10.9;Hyptis remota;5;Giacom
2024_01;BF;10.9;Mimosa cavalcantina;1;Giacom
2024_01;BF;10.9;Mimosa gracilis;1;Giacom
2024_01;BF;10.9;Ruellia nitens;5;Giacom
2024_01;FE;12.1;Bernardia hirsutissima;5;Dezotti
2024_01;FE;12.1;Croton gracilescens;5;Dezotti
2024_01;FE;12.1;Eriosema congestum;5;Dezotti
2024_01;FE;12.1;Euphorbia potentilloides ;1;Dezotti
2024_01;FE;12.1;Gymneia chapadensis;1;Dezotti
2024_01;FE;12.1;Medusantha mollissima;5;Dezotti
2024_01;FE;12.1;Mimosa cavalcantina;5;Dezotti
2024_01;FE;12.10;Cayaponia weddellii;1;Dezotti
2024_01;FE;12.10;Croton gracilescens;10;Dezotti
2024_01;FE;12.10;Justicia lanstyakii;1;Dezotti
2024_01;FE;12.10;Pseudotrimezia juncifolia;1;Dezotti
2024_01;FE;12.2;Borreria tenella;1;Dezotti
2024_01;FE;12.2;Croton gracilescens;5;Dezotti
2024_01;FE;12.2;Dalechampia linearis;5;Dezotti
2024_01;FE;12.2;Deianira pallescens;1;Dezotti
2024_01;FE;12.2;Eriope sp;1;Dezotti
2024_01;FE;12.2;Gymneia chapadensis;5;Dezotti
2024_01;FE;12.2;Hyptis remota;1;Dezotti
2024_01;FE;12.2;Justicia lanstyakii;5;Dezotti
2024_01;FE;12.2;Kielmeyera rubriflora;10;Dezotti
2024_01;FE;12.2;Lippia horridula;1;Dezotti
2024_01;FE;12.2;Medusantha mollissima;5;Dezotti
2024_01;FE;12.2;Oxalis pyrenea var. macrochaeta;1;Dezotti
2024_01;FE;12.3;Croton gracilescens;5;Dezotti
2024_01;FE;12.3;Hyptis remota;5;Dezotti
2024_01;FE;12.3;Justicia lanstyakii;10;Dezotti
2024_01;FE;12.3;Medusantha mollissima;5;Dezotti
2024_01;FE;12.3;Oxalis pyrenea var. macrochaeta;1;Dezotti
2024_01;FE;12.4;Amasonia hirta;5;Dezotti
2024_01;FE;12.4;Anemopaegma arvense;1;Dezotti
2024_01;FE;12.4;Croton gracilescens;5;Dezotti
2024_01;FE;12.4;Galactia sp;5;Dezotti
2024_01;FE;12.4;Gymneia chapadensis;1;Dezotti
2024_01;FE;12.4;Justicia lanstyakii;10;Dezotti
2024_01;FE;12.4;Medusantha mollissima;1;Dezotti
2024_01;FE;12.4;Mimosa gracilis;1;Dezotti
2024_01;FE;12.4;Ruellia angustior;5;Dezotti
2024_01;FE;12.5;Chamaecrista claussenii;1;Dezotti
2024_01;FE;12.5;Croton gracilescens;5;Dezotti
2024_01;FE;12.5;Cuphea hyssopoides;1;Dezotti
2024_01;FE;12.5;Eriope sp;1;Dezotti
2024_01;FE;12.5;Justicia lanstyakii;1;Dezotti
2024_01;FE;12.5;Pombalia lanata;5;Dezotti
2024_01;FE;12.5;Ruellia nitens;10;Dezotti
2024_01;FE;12.6;Borreria tenella;1;Dezotti
2024_01;FE;12.6;Chamaecrista claussenii;5;Dezotti
2024_01;FE;12.6;Chamaecrista isidorea;5;Dezotti
2024_01;FE;12.6;Croton gracilescens;5;Dezotti
2024_01;FE;12.6;Eriope sp;1;Dezotti
2024_01;FE;12.6;Justicia lanstyakii;5;Dezotti
2024_01;FE;12.6;Medusantha mollissima;1;Dezotti
2024_01;FE;12.6;Mimosa gracilis;5;Dezotti
2024_01;FE;12.6;Pombalia lanata;5;Dezotti
2024_01;FE;12.6;Ruellia nitens;5;Dezotti
2024_01;FE;12.7;Borreria tenella;1;Dezotti
2024_01;FE;12.7;Cipura xanthomelas;1;Dezotti
2024_01;FE;12.7;Croton gracilescens;1;Dezotti
2024_01;FE;12.7;Deianira pallescens;1;Dezotti
2024_01;FE;12.7;Eriope sp;1;Dezotti
2024_01;FE;12.7;Hemipogon acerosus;1;Dezotti
2024_01;FE;12.7;Mimosa gracilis;5;Dezotti
2024_01;FE;12.7;Prestonia quinquangularis;1;Dezotti
2024_01;FE;12.7;Trixis glutinosa;5;Dezotti
2024_01;FE;12.8;Croton gracilescens;5;Dezotti
2024_01;FE;12.8;Eriope sp;1;Dezotti
2024_01;FE;12.8;Euphorbia potentilloides ;5;Dezotti
2024_01;FE;12.8;Gymneia chapadensis;5;Dezotti
2024_01;FE;12.8;Heteropterys pannosa;5;Dezotti
2024_01;FE;12.8;Medusantha mollissima;1;Dezotti
2024_01;FE;12.8;Justicia phylocallyx;5;Dezotti
2024_01;FE;12.8;Ruellia trachyphylla;10;Dezotti
2024_01;FE;12.9;Chamaecrista claussenii;5;Dezotti
2024_01;FE;12.9;Croton gracilescens;10;Dezotti
2024_01;FE;12.9;Declieuxia lancifolia;1;Dezotti
2024_01;FE;12.9;Gymneia chapadensis;5;Dezotti
2024_01;FE;12.9;Hypenia sp;1;Dezotti
2024_01;FE;12.9;Ipomoea paulistana;5;Dezotti
2024_01;FE;12.9;Kielmeyera rubriflora;20;Dezotti
2024_01;FE;12.9;Manihot kalungae;5;Dezotti
2024_01;FE;12.9;Ruellia trachyphylla;5;Dezotti
2024_01;FE;12.9;Tibouchina melastomoides;5;Dezotti
2024_01;FE;13.1;Bernardia hirsutissima;1;Giacom
2024_01;FE;13.1;Camarea ericoides;1;Giacom
2024_01;FE;13.1;Croton gracilescens;5;Giacom
2024_01;FE;13.1;Eriope sp;1;Giacom
2024_01;FE;13.1;Euphorbia potentilloides ;5;Giacom
2024_01;FE;13.1;Gymneia chapadensis;5;Giacom
2024_01;FE;13.1;Ichthyothere hirsuta;1;Giacom
2024_01;FE;13.1;Mimosa cavalcantina;5;Giacom
2024_01;FE;13.1;Mimosa gracilis;1;Giacom
2024_01;FE;13.10;Chamaecrista isidorea;5;Giacom
2024_01;FE;13.10;Cipura xanthomelas;5;Giacom
2024_01;FE;13.10;Croton gracilescens;5;Giacom
2024_01;FE;13.10;Cuphea hyssopoides;1;Giacom
2024_01;FE;13.10;Declieuxia lancifolia;1;Giacom
2024_01;FE;13.10;Diplusodon paraisoensis;1;Giacom
2024_01;FE;13.10;Eriope sp;1;Giacom
2024_01;FE;13.10;Mimosa cavalcantina;5;Giacom
2024_01;FE;13.10;Oxalis pyrenea var. macrochaeta;1;Giacom
2024_01;FE;13.2;Anemopaegma arvense;5;Giacom
2024_01;FE;13.2;Byttneria jaculifolia;5;Giacom
2024_01;FE;13.2;Camarea ericoides;1;Giacom
2024_01;FE;13.2;Croton gracilescens;5;Giacom
2024_01;FE;13.2;Eriope sp;1;Giacom
2024_01;FE;13.2;Eriosema congestum;5;Giacom
2024_01;FE;13.2;Gymneia chapadensis;1;Giacom
2024_01;FE;13.2;Mimosa cavalcantina;5;Giacom
2024_01;FE;13.2;Mimosa gracilis;1;Giacom
2024_01;FE;13.2;Oxalis pyrenea var. macrochaeta;1;Giacom
2024_01;FE;13.2;Pseudotrimezia juncifolia;10;Giacom
2024_01;FE;13.2;Senega celosioides;1;Giacom
2024_01;FE;13.2;Tibouchina melastomoides;5;Giacom
2024_01;FE;13.3;Croton gracilescens;5;Giacom
2024_01;FE;13.3;Ctenodon paniculatus;5;Giacom
2024_01;FE;13.3;Eriope sp;1;Giacom
2024_01;FE;13.3;Eriosema congestum;5;Giacom
2024_01;FE;13.3;Ichthyothere hirsuta;1;Giacom
2024_01;FE;13.3;Pseudotrimezia juncifolia;1;Giacom
2024_01;FE;13.4;Chamaecrista claussenii;5;Giacom
2024_01;FE;13.4;Croton gracilescens;5;Giacom
2024_01;FE;13.4;Desmodium platycarpum;1;Giacom
2024_01;FE;13.4;Diplusodon paraisoensis;5;Giacom
2024_01;FE;13.4;Eriope sp;1;Giacom
2024_01;FE;13.4;Eriosema congestum;10;Giacom
2024_01;FE;13.4;Euphorbia potentilloides ;1;Giacom
2024_01;FE;13.4;Gymneia chapadensis;1;Giacom
2024_01;FE;13.4;Heteropterys pannosa;5;Giacom
2024_01;FE;13.4;Ichthyothere hirsuta;1;Giacom
2024_01;FE;13.4;Oxalis pyrenea var. macrochaeta;1;Giacom
2024_01;FE;13.4;Pseudotrimezia juncifolia;1;Giacom
2024_01;FE;13.4;Ruellia trachyphylla;5;Giacom
2024_01;FE;13.5;Bernardia hirsutissima;1;Giacom
2024_01;FE;13.5;Croton gracilescens;5;Giacom
2024_01;FE;13.5;Eriope sp;1;Giacom
2024_01;FE;13.5;Eriosema congestum;5;Giacom
2024_01;FE;13.5;Gymneia chapadensis;1;Giacom
2024_01;FE;13.5;Heteropterys pannosa;1;Giacom
2024_01;FE;13.5;Manihot kalungae;1;Giacom
2024_01;FE;13.5;Pseudotrimezia juncifolia;1;Giacom
2024_01;FE;13.5;Ruellia angustior;5;Giacom
2024_01;FE;13.6;Aldama grandiflora;10;Giacom
2024_01;FE;13.6;Chamaecrista isidorea;5;Giacom
2024_01;FE;13.6;Croton gracilescens;5;Giacom
2024_01;FE;13.6;Eriope sp;1;Giacom
2024_01;FE;13.6;Eriosema congestum;5;Giacom
2024_01;FE;13.6;Euphorbia potentilloides ;1;Giacom
2024_01;FE;13.6;Heteropterys pannosa;1;Giacom
2024_01;FE;13.6;Ipomoea paulistana;1;Giacom
2024_01;FE;13.6;Pombalia lanata;5;Giacom
2024_01;FE;13.7;Anemopaegma arvense;1;Giacom
2024_01;FE;13.7;Bernardia hirsutissima;1;Giacom
2024_01;FE;13.7;Calliandra dysantha;1;Giacom
2024_01;FE;13.7;Croton gracilescens;10;Giacom
2024_01;FE;13.7;Cuphea hyssopoides;1;Giacom
2024_01;FE;13.7;Eriope sp;1;Giacom
2024_01;FE;13.7;Eriosema congestum;5;Giacom
2024_01;FE;13.7;Euphorbia potentilloides ;1;Giacom
2024_01;FE;13.7;Gymneia chapadensis;5;Giacom
2024_01;FE;13.7;Heteropterys pannosa;1;Giacom
2024_01;FE;13.7;Justicia lanstyakii;1;Giacom
2024_01;FE;13.7;Medusantha mollissima;1;Giacom
2024_01;FE;13.7;Pseudotrimezia juncifolia;1;Giacom
2024_01;FE;13.8;Chamaecrista ochrosperma;1;Giacom
2024_01;FE;13.8;Croton gracilescens;5;Giacom
2024_01;FE;13.8;Eriope sp;1;Giacom
2024_01;FE;13.8;Galactia sp;5;Giacom
2024_01;FE;13.8;Gymneia chapadensis;5;Giacom
2024_01;FE;13.8;Ipomoea paulistana;5;Giacom
2024_01;FE;13.8;Ruellia trachyphylla;5;Giacom
2024_01;FE;13.8;Tibouchina melastomoides;5;Giacom
2024_01;FE;13.9;Camarea ericoides;1;Giacom
2024_01;FE;13.9;Croton gracilescens;5;Giacom
2024_01;FE;13.9;Dalechampia linearis;5;Giacom
2024_01;FE;13.9;Eriope sp;1;Giacom
2024_01;FE;13.9;Euphorbia potentilloides ;1;Giacom
2024_01;FE;13.9;Heteropterys pannosa;1;Giacom
2024_01;FE;13.9;Hyptis remota;1;Giacom
2024_01;BF;17.1;Aldama grandiflora ;5;Dezotti
2024_01;BF;17.1;Pombalia lanata;5;Dezotti
2024_01;BF;17.1;Bernardia hirsutissima;1;Dezotti
2024_01;BF;17.1;Byttneria jaculifolia;5;Dezotti
2024_01;BF;17.1;Calliandra dysantha;5;Dezotti
2024_01;BF;17.1;Chamaecrista fagonioides;10;Dezotti
2024_01;BF;17.1;Croton gracilescens;10;Dezotti
2024_01;BF;17.1;Cuphea hyssopoides;1;Dezotti
2024_01;BF;17.1;Declieuxia lancifolia;1;Dezotti
2024_01;BF;17.1;Gymneia chapadensis;5;Dezotti
2024_01;BF;17.1;Heteropterys pannosa;10;Dezotti
2024_01;BF;17.1;Hyptis remota;5;Dezotti
2024_01;BF;17.1;Ipomoea fiebrigii;10;Dezotti
2024_01;BF;17.1;Justicia lanstyakii;5;Dezotti
2024_01;BF;17.1;Medusantha mollissima;5;Dezotti
2024_01;BF;17.1;Ruellia nitens;10;Dezotti
2024_01;BF;17.1;Stachytarpheta villosa;10;Dezotti
2024_01;BF;17.1;Tibouchina melastomoides;10;Dezotti
2024_01;BF;17.10;Ctenodon paniculatus;5;Dezotti
2024_01;BF;17.10;Amasonia hirta;10;Dezotti
2024_01;BF;17.10;Bernardia hirsutissima;5;Dezotti
2024_01;BF;17.10;Calliandra dysantha;10;Dezotti
2024_01;BF;17.10;Camarea ericoides;1;Dezotti
2024_01;BF;17.10;Chamaecrista ochrosperma;10;Dezotti
2024_01;BF;17.10;Croton gracilescens;10;Dezotti
2024_01;BF;17.10;Euphorbia potentilloides;10;Dezotti
2024_01;BF;17.10;Gymneia chapadensis;5;Dezotti
2024_01;BF;17.10;Justicia lanstyakii;10;Dezotti
2024_01;BF;17.10;Medusantha mollissima;5;Dezotti
2024_01;BF;17.10;Mimosa gracilis;5;Dezotti
2024_01;BF;17.10;Trixis glutinosa;5;Dezotti
2024_01;BF;17.2;Aldama grandiflora ;5;Dezotti
2024_01;BF;17.2;Cipura xanthomelas;5;Dezotti
2024_01;BF;17.2;Croton gracilescens;5;Dezotti
2024_01;BF;17.2;Crumenaria choretroides;1;Dezotti
2024_01;BF;17.2;Euphorbia potentilloides;5;Dezotti
2024_01;BF;17.2;Heteropterys pannosa;10;Dezotti
2024_01;BF;17.2;Hyptis remota;10;Dezotti
2024_01;BF;17.2;Ichthyothere hirsuta;5;Dezotti
2024_01;BF;17.2;Ruellia angustior;1;Dezotti
2024_01;BF;17.2;Ruellia nitens;10;Dezotti
2024_01;BF;17.3;Cuphea hyssopoides;1;Dezotti
2024_01;BF;17.3;Desmodium platycarpum;5;Dezotti
2024_01;BF;17.3;Eriope sp;1;Dezotti
2024_01;BF;17.3;Gymneia chapadensis;5;Dezotti
2024_01;BF;17.3;Heteropterys pannosa;10;Dezotti
2024_01;BF;17.3;Justicia lanstyakii;5;Dezotti
2024_01;BF;17.3;Manihot kalungae;1;Dezotti
2024_01;BF;17.3;Medusantha mollissima;1;Dezotti
2024_01;BF;17.3;Mimosa macrocephala;10;Dezotti
2024_01;BF;17.4;Aldama grandiflora ;20;Dezotti
2024_01;BF;17.4;Calliandra dysantha;5;Dezotti
2024_01;BF;17.4;Calolisianthus speciosus;5;Dezotti
2024_01;BF;17.4;Chamaecrista ochrosperma;10;Dezotti
2024_01;BF;17.4;Croton gracilescens;10;Dezotti
2024_01;BF;17.4;Cuphea spermacoce;5;Dezotti
2024_01;BF;17.4;Eriope sp;1;Dezotti
2024_01;BF;17.4;Gymneia chapadensis;10;Dezotti
2024_01;BF;17.4;Heteropterys pannosa;10;Dezotti
2024_01;BF;17.4;Mimosa macrocephala;5;Dezotti
2024_01;BF;17.4;Ruellia nitens;5;Dezotti
2024_01;BF;17.5;Aldama grandiflora ;5;Dezotti
2024_01;BF;17.5;Amasonia hirta;10;Dezotti
2024_01;BF;17.5;Calliandra dysantha;20;Dezotti
2024_01;BF;17.5;Croton gracilescens;10;Dezotti
2024_01;BF;17.5;Cuphea hyssopoides;1;Dezotti
2024_01;BF;17.5;Eriope sp;1;Dezotti
2024_01;BF;17.5;Euphorbia potentilloides;1;Dezotti
2024_01;BF;17.5;Heteropterys pannosa;5;Dezotti
2024_01;BF;17.5;Hyptis remota;5;Dezotti
2024_01;BF;17.5;Justicia lanstyakii;1;Dezotti
2024_01;BF;17.5;Lippia horridula;1;Dezotti
2024_01;BF;17.5;Ruellia trachyphylla;5;Dezotti
2024_01;BF;17.5;Tibouchina melastomoides;10;Dezotti
2024_01;BF;17.6;Aldama grandiflora ;5;Giacom
2024_01;BF;17.6;Chamaecrista ochrosperma;20;Giacom
2024_01;BF;17.6;Croton gracilescens;10;Giacom
2024_01;BF;17.6;Euphorbia potentilloides;1;Giacom
2024_01;BF;17.6;Gymneia chapadensis;5;Giacom
2024_01;BF;17.6;Heteropterys pannosa;5;Giacom
2024_01;BF;17.6;Manihot kalungae;1;Giacom
2024_01;BF;17.7;Aldama grandiflora ;5;Giacom
2024_01;BF;17.7;Pombalia lanata;1;Giacom
2024_01;BF;17.7;Bernardia hirsutissima;1;Giacom
2024_01;BF;17.7;Calliandra dysantha;1;Giacom
2024_01;BF;17.7;Croton gracilescens;5;Giacom
2024_01;BF;17.7;Gymneia chapadensis;1;Giacom
2024_01;BF;17.7;Hyptis remota;5;Giacom
2024_01;BF;17.7;Ichthyothere hirsuta;5;Giacom
2024_01;BF;17.7;Justicia lanstyakii;5;Giacom
2024_01;BF;17.7;Mimosa gracilis;1;Giacom
2024_01;BF;17.8;Aldama grandiflora ;5;Dezotti
2024_01;BF;17.8;Calliandra dysantha;10;Dezotti
2024_01;BF;17.8;Chamaecrista claussenii;10;Dezotti
2024_01;BF;17.8;Croton gracilescens;10;Dezotti
2024_01;BF;17.8;Declieuxia lancifolia;1;Dezotti
2024_01;BF;17.8;Euphorbia potentilloides;1;Dezotti
2024_01;BF;17.8;Gymneia chapadensis;5;Dezotti
2024_01;BF;17.8;Heteropterys pannosa;10;Dezotti
2024_01;BF;17.8;Ruellia trachyphylla;1;Dezotti
2024_01;BF;17.9;Ctenodon paniculatus;5;Dezotti
2024_01;BF;17.9;Bernardia hirsutissima;5;Dezotti
2024_01;BF;17.9;Chamaecrista ochrosperma;10;Dezotti
2024_01;BF;17.9;Cipura xanthomelas;5;Dezotti
2024_01;BF;17.9;Croton gracilescens;5;Dezotti
2024_01;BF;17.9;Eriope sp;1;Dezotti
2024_01;BF;17.9;Gymneia chapadensis;5;Dezotti
2024_01;BF;17.9;Heteropterys pannosa;10;Dezotti
2024_01;BF;17.9;Mimosa gracilis;1;Dezotti
2024_01;BF;17.9;Senega celosioides;1;Dezotti
2024_01;BF;17.9;Ruellia trachyphylla;5;Dezotti
2024_01;BF;17.9;Tibouchina melastomoides;5;Dezotti
2024_01;BF;2.1;Calliandra dysantha;5;Dezotti
2024_01;BF;2.1;Chamaecrista claussenii;10;Dezotti
2024_01;BF;2.1;Croton gracilescens;5;Dezotti
2024_01;BF;2.1;Eriope sp;1;Dezotti
2024_01;BF;2.1;Gymneia chapadensis;1;Dezotti
2024_01;BF;2.1;Hemipogon acerosus;5;Dezotti
2024_01;BF;2.1;Hyptis remota;5;Dezotti
2024_01;BF;2.1;Lippia horridula;5;Dezotti
2024_01;BF;2.1;Oxalis goyazensis;5;Dezotti
2024_01;BF;2.1;Senega longicaulis;1;Dezotti
2024_01;BF;2.1;Ruellia trachyphylla;10;Dezotti
2024_01;BF;2.1;Borreria tenella;1;Dezotti
2024_01;BF;2.10;Calolisianthus speciosus;1;Dezotti
2024_01;BF;2.10;Camarea ericoides;5;Dezotti
2024_01;BF;2.10;Croton gracilescens;5;Dezotti
2024_01;BF;2.10;Hyptis remota;10;Dezotti
2024_01;BF;2.10;Mimosa gracilis;5;Dezotti
2024_01;BF;2.2;Chamaecrista claussenii;40;Dezotti
2024_01;BF;2.2;Chamaecrista ochrosperma;10;Dezotti
2024_01;BF;2.2;Croton gracilescens;1;Dezotti
2024_01;BF;2.2;Declieuxia lancifolia;1;Dezotti
2024_01;BF;2.2;Euphorbia potentilloides;1;Dezotti
2024_01;BF;2.2;Gymneia chapadensis;1;Dezotti
2024_01;BF;2.2;Heteropterys pannosa;10;Dezotti
2024_01;BF;2.2;Lippia horridula;1;Dezotti
2024_01;BF;2.2;Mimosa gracilis;1;Dezotti
2024_01;BF;2.2;Ruellia trachyphylla;10;Dezotti
2024_01;BF;2.2;Trixis glutinosa;1;Dezotti
2024_01;BF;2.3;Ctenodon paniculatus;5;Dezotti
2024_01;BF;2.3;Anemopaegma arvense;5;Dezotti
2024_01;BF;2.3;Chamaecrista ochrosperma;5;Dezotti
2024_01;BF;2.3;Croton gracilescens;5;Dezotti
2024_01;BF;2.3;Eriope sp;5;Dezotti
2024_01;BF;2.3;Euphorbia potentilloides;1;Dezotti
2024_01;BF;2.3;Gymneia chapadensis;5;Dezotti
2024_01;BF;2.3;Mimosa gracilis;1;Dezotti
2024_01;BF;2.3;Ruellia trachyphylla;10;Dezotti
2024_01;BF;2.3;Tibouchina melastomoides;5;Dezotti
2024_01;BF;2.4;Anemopaegma arvense;5;Dezotti
2024_01;BF;2.4;Croton gracilescens;5;Dezotti
2024_01;BF;2.4;Eriope sp;1;Dezotti
2024_01;BF;2.4;Euphorbia potentilloides;1;Dezotti
2024_01;BF;2.4;Gymneia chapadensis;10;Dezotti
2024_01;BF;2.4;Hyptis remota;10;Dezotti
2024_01;BF;2.4;Ruellia trachyphylla;5;Dezotti
2024_01;BF;2.5;Pombalia lanata;5;Dezotti
2024_01;BF;2.5;Chamaecrista claussenii;50;Dezotti
2024_01;BF;2.5;Croton gracilescens;5;Dezotti
2024_01;BF;2.5;Cuphea spermacoce;1;Dezotti
2024_01;BF;2.5;Eriosema congestum;10;Dezotti
2024_01;BF;2.5;Euphorbia potentilloides;1;Dezotti
2024_01;BF;2.5;Gymneia chapadensis;1;Dezotti
2024_01;BF;2.5;Mimosa gracilis;1;Dezotti
2024_01;BF;2.5;Ruellia trachyphylla;10;Dezotti
2024_01;BF;2.5;Borreria tenella;1;Dezotti
2024_01;BF;2.6;Chamaecrista ochrosperma;5;Dezotti
2024_01;BF;2.6;Croton gracilescens;5;Dezotti
2024_01;BF;2.6;Cuphea spermacoce;1;Dezotti
2024_01;BF;2.6;Deianira pallescens;5;Dezotti
2024_01;BF;2.6;Eriope sp;1;Dezotti
2024_01;BF;2.6;Gymneia chapadensis;1;Dezotti
2024_01;BF;2.6;Hyptis remota;5;Dezotti
2024_01;BF;2.6;Justicia lanstyakii;1;Dezotti
2024_01;BF;2.6;Ruellia trachyphylla;10;Dezotti
2024_01;BF;2.6;Mimosa gracilis;1;Dezotti
2024_01;BF;2.6;Oxalis pyrenea var. macrochaeta;1;Dezotti
2024_01;BF;2.6;Ichthyothere hirsuta;1;Dezotti
2024_01;BF;2.7;Pombalia lanata;1;Dezotti
2024_01;BF;2.7;Chamaecrista ochrosperma;5;Dezotti
2024_01;BF;2.7;Croton gracilescens;5;Dezotti
2024_01;BF;2.7;Eriope sp;1;Dezotti
2024_01;BF;2.7;Gymneia chapadensis;5;Dezotti
2024_01;BF;2.7;Justicia lanstyakii;5;Dezotti
2024_01;BF;2.7;Manihot kalungae;1;Dezotti
2024_01;BF;2.8;Chamaecrista ochrosperma;5;Dezotti
2024_01;BF;2.8;Croton gracilescens;5;Dezotti
2024_01;BF;2.8;Eriope sp;1;Dezotti
2024_01;BF;2.8;Mimosa gracilis;5;Dezotti
2024_01;BF;2.8;Oxalis pyrenea var. macrochaeta;1;Dezotti
2024_01;BF;2.8;Porophyllum obscurum;1;Dezotti
2024_01;BF;2.8;Ruellia trachyphylla;10;Dezotti
2024_01;BF;2.8;Borreria tenella;1;Dezotti
2024_01;BF;2.9;Croton gracilescens;1;Dezotti
2024_01;BF;2.9;Eriope sp;1;Dezotti
2024_01;BF;2.9;Justicia lanstyakii;1;Dezotti
2024_01;BF;2.9;Lippia horridula;1;Dezotti
2024_01;BF;2.9;Mimosa gracilis;1;Dezotti
2024_01;BF;23.1;Aldama grandiflora;10;Dezotti
2024_01;BF;23.1;Pombalia lanata;5;Dezotti
2024_01;BF;23.1;Chamaecrista ochrosperma;5;Dezotti
2024_01;BF;23.1;Croton gracilescens;5;Dezotti
2024_01;BF;23.1;Euphorbia potentilloides;5;Dezotti
2024_01;BF;23.1;Heteropterys pannosa;5;Dezotti
2024_01;BF;23.1;Hyptis remota;5;Dezotti
2024_01;BF;23.1;Ichthyothere hirsuta;5;Dezotti
2024_01;BF;23.1;Mimosa gracilis;1;Dezotti
2024_01;BF;23.1;Mimosa macrocephala;5;Dezotti
2024_01;BF;23.1;Ruellia trachyphylla;10;Dezotti
2024_01;BF;23.1;Tibouchina melastomoides;5;Dezotti
2024_01;BF;23.10;Bernardia hirsutissima;5;Dezotti
2024_01;BF;23.10;Chamaecrista claussenii;10;Dezotti
2024_01;BF;23.10;Croton gracilescens;5;Dezotti
2024_01;BF;23.10;Cuphea hyssopoides;1;Dezotti
2024_01;BF;23.10;Eriope sp;1;Dezotti
2024_01;BF;23.10;Gymneia chapadensis;5;Dezotti
2024_01;BF;23.10;Heteropterys pannosa;5;Dezotti
2024_01;BF;23.10;Hyptis remota;5;Dezotti
2024_01;BF;23.10;Mimosa gracilis;5;Dezotti
2024_01;BF;23.10;Aristolochia claussenii;1;Dezotti
2024_01;BF;23.2;Aldama grandiflora;10;Dezotti
2024_01;BF;23.2;Pombalia lanata;1;Dezotti
2024_01;BF;23.2;Calliandra dysantha;10;Dezotti
2024_01;BF;23.2;Calolisianthus speciosus;5;Dezotti
2024_01;BF;23.2;Croton gracilescens;1;Dezotti
2024_01;BF;23.2;Cuphea hyssopoides;1;Dezotti
2024_01;BF;23.2;Deianira pallescens;5;Dezotti
2024_01;BF;23.2;Eriope sp;1;Dezotti
2024_01;BF;23.2;Euphorbia potentilloides;1;Dezotti
2024_01;BF;23.2;Hyptis remota;10;Dezotti
2024_01;BF;23.2;Mimosa gracilis;5;Dezotti
2024_01;BF;23.3;Ctenodon paniculatus;5;Dezotti
2024_01;BF;23.3;Camarea ericoides;5;Dezotti
2024_01;BF;23.3;Chamaecrista claussenii;20;Dezotti
2024_01;BF;23.3;Croton gracilescens;10;Dezotti
2024_01;BF;23.3;Eriope sp;5;Dezotti
2024_01;BF;23.3;Euphorbia potentilloides;1;Dezotti
2024_01;BF;23.3;Hyptis remota;5;Dezotti
2024_01;BF;23.3;Ichthyothere hirsuta;5;Dezotti
2024_01;BF;23.3;Justicia lanstyakii;5;Dezotti
2024_01;BF;23.3;Medusantha mollissima;1;Dezotti
2024_01;BF;23.3;Oxalis goyazensis;10;Dezotti
2024_01;BF;23.3;Tibouchina melastomoides;5;Dezotti
2024_01;BF;23.4;Pombalia lanata;5;Dezotti
2024_01;BF;23.4;Bernardia hirsutissima;5;Dezotti
2024_01;BF;23.4;Chamaecrista claussenii;20;Dezotti
2024_01;BF;23.4;Chamaecrista ochrosperma;10;Dezotti
2024_01;BF;23.4;Croton gracilescens;5;Dezotti
2024_01;BF;23.4;Deianira pallescens;1;Dezotti
2024_01;BF;23.4;Eriope sp;1;Dezotti
2024_01;BF;23.4;Euphorbia potentilloides;1;Dezotti
2024_01;BF;23.4;Gymneia chapadensis;5;Dezotti
2024_01;BF;23.4;Hyptis remota;5;Dezotti
2024_01;BF;23.4;Borreria tenella;5;Dezotti
2024_01;BF;23.5;Ayapana amygdalina;5;Dezotti
2024_01;BF;23.5;Chamaecrista claussenii;10;Dezotti
2024_01;BF;23.5;Chamaecrista isidorea;10;Dezotti
2024_01;BF;23.5;Cipura xanthomelas;5;Dezotti
2024_01;BF;23.5;Croton gracilescens;10;Dezotti
2024_01;BF;23.5;Cuphea hyssopoides;1;Dezotti
2024_01;BF;23.5;Eriope sp;5;Dezotti
2024_01;BF;23.5;Euphorbia potentilloides;1;Dezotti
2024_01;BF;23.5;Gymneia chapadensis;5;Dezotti
2024_01;BF;23.5;Habenaria tamanduensis;5;Dezotti
2024_01;BF;23.5;Heteropterys pannosa;10;Dezotti
2024_01;BF;23.5;Hyptis remota;5;Dezotti
2024_01;BF;23.5;Ruellia angustior;10;Dezotti
2024_01;BF;23.6;Ctenodon paniculatus;5;Dezotti
2024_01;BF;23.6;Chamaecrista claussenii;40;Dezotti
2024_01;BF;23.6;Croton gracilescens;5;Dezotti
2024_01;BF;23.6;Deianira pallescens;1;Dezotti
2024_01;BF;23.6;Euphorbia potentilloides;1;Dezotti
2024_01;BF;23.6;Hemipogon acerosus;5;Dezotti
2024_01;BF;23.6;Hyptis remota;10;Dezotti
2024_01;BF;23.6;Ichthyothere hirsuta;5;Dezotti
2024_01;BF;23.6;Lippia horridula;1;Dezotti
2024_01;BF;23.6;Manihot kalungae;5;Dezotti
2024_01;BF;23.6;Mimosa gracilis;5;Dezotti
2024_01;BF;23.6;Ruellia angustior;10;Dezotti
2024_01;BF;23.6;Aristolochia claussenii;1;Dezotti
2024_01;BF;23.7;Bernardia hirsutissima;5;Dezotti
2024_01;BF;23.7;Calliandra dysantha;10;Dezotti
2024_01;BF;23.7;Chamaecrista ochrosperma;5;Dezotti
2024_01;BF;23.7;Croton gracilescens;10;Dezotti
2024_01;BF;23.7;Desmodium platycarpum;5;Dezotti
2024_01;BF;23.7;Gymneia chapadensis;1;Dezotti
2024_01;BF;23.7;Hyptis remota;10;Dezotti
2024_01;BF;23.7;Ichthyothere hirsuta;5;Dezotti
2024_01;BF;23.7;Mimosa gracilis;5;Dezotti
2024_01;BF;23.7;Oxalis goyazensis;20;Dezotti
2024_01;BF;23.7;Borreria tenella;5;Dezotti
2024_01;BF;23.8;Ctenodon paniculatus;1;Dezotti
2024_01;BF;23.8;Aldama grandiflora;5;Dezotti
2024_01;BF;23.8;Pombalia lanata;1;Dezotti
2024_01;BF;23.8;Bernardia hirsutissima;1;Dezotti
2024_01;BF;23.8;Calliandra dysantha;10;Dezotti
2024_01;BF;23.8;Chamaecrista claussenii;10;Dezotti
2024_01;BF;23.8;Croton gracilescens;1;Dezotti
2024_01;BF;23.8;Cuphea hyssopoides;1;Dezotti
2024_01;BF;23.8;Deianira pallescens;1;Dezotti
2024_01;BF;23.8;Desmodium platycarpum;5;Dezotti
2024_01;BF;23.8;Eriope sp;1;Dezotti
2024_01;BF;23.8;Euphorbia potentilloides;1;Dezotti
2024_01;BF;23.8;Heteropterys pannosa;5;Dezotti
2024_01;BF;23.8;Hyptis remota;5;Dezotti
2024_01;BF;23.8;Ichthyothere hirsuta;5;Dezotti
2024_01;BF;23.8;Mimosa gracilis;1;Dezotti
2024_01;BF;23.8;Ruellia trachyphylla;10;Dezotti
2024_01;BF;23.9;Aldama grandiflora;5;Dezotti
2024_01;BF;23.9;Calolisianthus speciosus;5;Dezotti
2024_01;BF;23.9;Chamaecrista isidorea;10;Dezotti
2024_01;BF;23.9;Croton gracilescens;5;Dezotti
2024_01;BF;23.9;Eriope sp;5;Dezotti
2024_01;BF;23.9;Euphorbia potentilloides;1;Dezotti
2024_01;BF;23.9;Heteropterys pannosa;10;Dezotti
2024_01;BF;23.9;Ichthyothere hirsuta;5;Dezotti
2024_01;BF;23.9;Justicia lanstyakii;1;Dezotti
2024_01;FE;V.21;Borreria tenella;1;Dezotti
2024_01;FE;V.21;Chamaecrista claussenii;10;Dezotti
2024_01;FE;V.21;Cipura xanthomelas;1;Dezotti
2024_01;FE;V.21;Croton gracilescens;1;Dezotti
2024_01;FE;V.21;Eriope sp;1;Dezotti
2024_01;FE;V.21;Euphorbia potentilloides ;1;Dezotti
2024_01;FE;V.21;Gymneia chapadensis;5;Dezotti
2024_01;FE;V.21;Justicia lanstyakii;5;Dezotti
2024_01;FE;V.21;Ruellia nitens;1;Dezotti
2024_01;FE;V.22;Bernardia hirsutissima;1;Dezotti
2024_01;FE;V.22;Croton gracilescens;1;Dezotti
2024_01;FE;V.22;Eriope sp;1;Dezotti
2024_01;FE;V.22;Eriosema congestum;10;Dezotti
2024_01;FE;V.22;Medusantha mollissima;1;Dezotti
2024_01;FE;V.22;Pombalia lanata;1;Dezotti
2024_01;FE;V.23;Borreria tenella;1;Dezotti
2024_01;FE;V.23;Croton gracilescens;5;Dezotti
2024_01;FE;V.23;Eriope sp;1;Dezotti
2024_01;FE;V.23;Euphorbia potentilloides ;1;Dezotti
2024_01;FE;V.23;Gymneia chapadensis;5;Dezotti
2024_01;FE;V.23;Justicia lanstyakii;1;Dezotti
2024_01;FE;V.24;Croton gracilescens;5;Dezotti
2024_01;FE;V.24;Heteropterys pannosa;5;Dezotti
2024_01;FE;V.24;Ruellia nitens;1;Dezotti
2024_01;FE;V.25;Aldama grandiflora;5;Dezotti
2024_01;FE;V.25;Croton gracilescens;5;Dezotti
2024_01;FE;V.25;Declieuxia lancifolia;1;Dezotti
2024_01;FE;V.25;Eriope sp;1;Dezotti
2024_01;FE;V.25;Gymneia chapadensis;5;Dezotti
2024_01;FE;V.25;Heteropterys pannosa;5;Dezotti
2024_01;FE;V.25;Hyptis remota;1;Dezotti
2024_01;FE;V.25;Ichthyothere hirsuta;5;Dezotti
2024_01;FE;V.25;Ipomoea fiebrigii;1;Dezotti
2024_01;FE;V.26;Aldama grandiflora;10;Dezotti
2024_01;FE;V.26;Croton gracilescens;10;Dezotti
2024_01;FE;V.26;Deianira pallescens;5;Dezotti
2024_01;FE;V.26;Diplusodon paraisoensis;5;Dezotti
2024_01;FE;V.26;Eriope sp;1;Dezotti
2024_01;FE;V.26;Gymneia chapadensis;5;Dezotti
2024_01;FE;V.26;Justicia lanstyakii;1;Dezotti
2024_01;FE;V.26;Medusantha mollissima;5;Dezotti
2024_01;FE;V.26;Oxalis goyazensis;1;Dezotti
2024_01;FE;V.26;Pombalia lanata;1;Dezotti
2024_01;FE;V.28;Borreria tenella;1;Dezotti
2024_01;FE;V.28;Croton gracilescens;5;Dezotti
2024_01;FE;V.28;Eriope sp;1;Dezotti
2024_01;FE;V.28;Eriosema congestum;5;Dezotti
2024_01;FE;V.28;Galactia sp;5;Dezotti
2024_01;FE;V.28;Hyptis remota;1;Dezotti
2024_01;FE;V.28;Kielmeyera rubriflora;5;Dezotti
2024_01;FE;V.28;Manihot kalungae;5;Dezotti
2024_01;FE;V.28;Pombalia lanata;1;Dezotti
2024_01;FE;V.28;Pseudotrimezia juncifolia;1;Dezotti
2024_01;FE;V.29;Aristolochia claussenii;5;Dezotti
2024_01;FE;V.29;Calolisianthus speciosus;5;Dezotti
2024_01;FE;V.29;Croton gracilescens;5;Dezotti
2024_01;FE;V.29;Eriope sp;1;Dezotti
2024_01;FE;V.29;Heteropterys pannosa;5;Dezotti
2024_01;FE;V.29;Ichthyothere hirsuta;5;Dezotti
2024_01;FE;V.29;Manihot kalungae;1;Dezotti
2024_01;FE;V.29;Medusantha mollissima;1;Dezotti
2024_01;FE;V.29;Oxalis goyazensis;5;Dezotti
2024_01;FE;V.30;Chamaecrista claussenii;5;Dezotti
2024_01;FE;V.30;Croton gracilescens;1;Dezotti
2024_01;FE;V.30;Eriope sp;1;Dezotti
2024_01;FE;V.30;Ichthyothere hirsuta;1;Dezotti
2024_01;FE;V.30;Justicia lanstyakii;1;Dezotti
2024_01;FE;V.30;Medusantha mollissima;1;Dezotti
2024_01;FE;V.30;Tibouchina melastomoides;5;Dezotti
2025_02;BF;10.1;Croton gracilescens;1;Dezotti
2025_02;BF;10.1;Deianira pallescens;1;Dezotti
2025_02;BF;10.1;Eriope sp;1;Dezotti
2025_02;BF;10.1;Gymneia chapadensis;1;Dezotti
2025_02;BF;10.1;Hyptis remota;5;Dezotti
2025_02;BF;10.1;Medusantha mollissima;1;Dezotti
2025_02;BF;10.1;Pseudotrimezia juncifolia;1;Dezotti
2025_02;BF;10.1;Ruellia trachyphylla;5;Dezotti
2025_02;BF;10.2;Croton gracilescens;5;Dezotti
2025_02;BF;10.2;Eriope sp;1;Dezotti
2025_02;BF;10.2;Euphorbia potentilloides;1;Dezotti
2025_02;BF;10.2;Heteropterys pannosa;5;Dezotti
2025_02;BF;10.2;Ruellia trachyphylla;20;Dezotti
2025_02;BF;10.3;Amasonia hirta;1;Dezotti
2025_02;BF;10.3;Croton gracilescens;5;Dezotti
2025_02;BF;10.3;Deianira pallescens;1;Dezotti
2025_02;BF;10.3;Diplusodon paraisoensis;1;Dezotti
2025_02;BF;10.3;Euphorbia potentilloides;1;Dezotti
2025_02;BF;10.3;Gymneia chapadensis;10;Dezotti
2025_02;BF;10.3;Hyptis remota;1;Dezotti
2025_02;BF;10.3;Kielmeyera rubriflora;5;Dezotti
2025_02;BF;10.3;Mimosa cavalcantina;1;Dezotti
2025_02;BF;10.3;Borreria tenella;1;Dezotti
2025_02;BF;10.4;Calolisianthus speciosus;5;Dezotti
2025_02;BF;10.4;Chamaecrista isidorea;1;Dezotti
2025_02;BF;10.4;Croton gracilescens;1;Dezotti
2025_02;BF;10.4;Eriope sp;1;Dezotti
2025_02;BF;10.4;Euphorbia potentilloides;1;Dezotti
2025_02;BF;10.4;Gomphrena sp;1;Dezotti
2025_02;BF;10.4;Gymneia chapadensis;1;Dezotti
2025_02;BF;10.4;Heteropterys pannosa;5;Dezotti
2025_02;BF;10.4;Hypenia sp;1;Dezotti
2025_02;BF;10.4;Lippia horridula;1;Dezotti
2025_02;BF;10.4;Ruellia trachyphylla;10;Dezotti
2025_02;BF;10.5;Chamaecrista ochrosperma;10;Dezotti
2025_02;BF;10.5;Croton gracilescens;1;Dezotti
2025_02;FE;12.1;Bernardia hirsutissima;5;Felipe
2025_02;FE;12.1;Croton gracilescens;5;Felipe
2025_02;FE;12.1;Euphorbia potentilloides ;1;Felipe
2025_02;FE;12.1;Justicia phylocallyx;5;Felipe
2025_02;FE;12.1;Kielmeyera rubriflora;5;Felipe
2025_02;FE;12.1;Medusantha mollissima;5;Felipe
2025_02;FE;12.1;Pombalia lanata;1;Felipe
2025_02;FE;12.10;Cayaponia weddellii;1;Felipe
2025_02;FE;12.10;Croton gracilescens;5;Felipe
2025_02;FE;12.10;Cuphea spermacoce;1;Felipe
2025_02;FE;12.10;Justicia lanstyakii;1;Felipe
2025_02;FE;12.10;Pseudotrimezia juncifolia;1;Felipe
2025_02;FE;12.2;Croton gracilescens;5;Felipe
2025_02;FE;12.2;Gymneia chapadensis;1;Felipe
2025_02;FE;12.2;Kielmeyera rubriflora;1;Felipe
2025_02;FE;12.2;Medusantha mollissima;1;Felipe
2025_02;FE;12.2;Oxalis pyrenea var. macrochaeta;1;Felipe
2025_02;FE;12.3;Croton gracilescens;5;Felipe
2025_02;FE;12.3;Eriope sp;1;Felipe
2025_02;FE;12.3;Gymneia chapadensis;5;Felipe
2025_02;FE;12.3;Hyptis remota;1;Felipe
2025_02;FE;12.3;Justicia lanstyakii;5;Felipe
2025_02;FE;12.3;Kielmeyera rubriflora;5;Felipe
2025_02;FE;12.3;Lippia horridula;1;Felipe
2025_02;FE;12.4;Anemopaegma arvense;5;Felipe
2025_02;FE;12.4;Aristolochia claussenii;1;Felipe
2025_02;FE;12.4;Croton gracilescens;5;Felipe
2025_02;FE;12.4;Eriope sp;1;Felipe
2025_02;FE;12.4;Galactia sp;5;Felipe
2025_02;FE;12.4;Ichthyothere hirsuta;5;Felipe
2025_02;FE;12.4;Justicia lanstyakii;5;Felipe
2025_02;FE;12.4;Medusantha mollissima;1;Felipe
2025_02;FE;12.4;Ruellia angustior;5;Felipe
2025_02;FE;12.4;Tibouchina melastomoides;1;Felipe
2025_02;FE;12.5;Chamaecrista claussenii;5;Felipe
2025_02;FE;12.5;Croton gracilescens;5;Felipe
2025_02;FE;12.5;Cuphea hyssopoides;1;Felipe
2025_02;FE;12.5;Eriope sp;1;Felipe
2025_02;FE;12.5;Euphorbia potentilloides ;1;Felipe
2025_02;FE;12.5;Hemipogon acerosus;1;Felipe
2025_02;FE;12.5;Justicia lanstyakii;1;Felipe
2025_02;FE;12.5;Manihot kalungae;1;Felipe
2025_02;FE;12.5;Medusantha mollissima;1;Felipe
2025_02;FE;12.5;Pombalia lanata;5;Felipe
2025_02;FE;12.5;Ruellia trachyphylla;10;Felipe
2025_02;FE;12.6;Bernardia hirsutissima;10;Felipe
2025_02;FE;12.6;Chamaecrista claussenii;5;Felipe
2025_02;FE;12.6;Chamaecrista isidorea;5;Felipe
2025_02;FE;12.6;Croton gracilescens;5;Felipe
2025_02;FE;12.6;Cuphea spermacoce;1;Felipe
2025_02;FE;12.6;Eriope sp;1;Felipe
2025_02;FE;12.6;Justicia lanstyakii;1;Felipe
2025_02;FE;12.6;Justicia phylocallyx;5;Felipe
2025_02;FE;12.6;Lippia horridula;1;Felipe
2025_02;FE;12.6;Medusantha mollissima;1;Felipe
2025_02;FE;12.6;Ruellia nitens;1;Felipe
2025_02;FE;12.6;Tibouchina melastomoides;5;Felipe
2025_02;FE;12.7;Aristolochia claussenii;1;Felipe
2025_02;FE;12.7;Croton gracilescens;1;Felipe
2025_02;FE;12.7;Cuphea spermacoce;1;Felipe
2025_02;FE;12.7;Cuphea spermacoce;1;Felipe
2025_02;FE;12.7;Diplusodon paraisoensis;1;Felipe
2025_02;FE;12.7;Eriope sp;1;Felipe
2025_02;FE;12.7;Euphorbia longipedunculata;5;Felipe
2025_02;FE;12.7;Hemipogon acerosus;1;Felipe
2025_02;FE;12.7;Mimosa gracilis;5;Felipe
2025_02;FE;12.7;Trixis glutinosa;1;Felipe
2025_02;FE;12.8;Croton gracilescens;1;Felipe
2025_02;FE;12.8;Eriope sp;1;Felipe
2025_02;FE;12.8;Euphorbia potentilloides ;1;Felipe
2025_02;FE;12.8;Gymneia chapadensis;1;Felipe
2025_02;FE;12.8;Heteropterys pannosa;5;Felipe
2025_02;FE;12.8;Lippia horridula;1;Felipe
2025_02;FE;12.8;Medusantha mollissima;1;Felipe
2025_02;FE;12.8;Ruellia trachyphylla;5;Felipe
2025_02;FE;12.8;Sabicea brasiliensis;5;Felipe
2025_02;FE;12.9;Chamaecrista claussenii;5;Felipe
2025_02;FE;12.9;Croton gracilescens;5;Felipe
2025_02;FE;12.9;Cuphea spermacoce;1;Felipe
2025_02;FE;12.9;Declieuxia lancifolia;1;Felipe
2025_02;FE;12.9;Eriope sp;1;Felipe
2025_02;FE;12.9;Euphorbia longipedunculata;5;Felipe
2025_02;FE;12.9;Gymneia chapadensis;1;Felipe
2025_02;FE;12.9;Hypenia sp;1;Felipe
2025_02;FE;12.9;Ipomoea paulistana;5;Felipe
2025_02;FE;12.9;Kielmeyera rubriflora;10;Felipe
2025_02;FE;12.9;Manihot kalungae;5;Felipe
2025_02;FE;12.9;Oxalis goyazensis;1;Felipe
2025_02;FE;12.9;Oxalis pyrenea var. macrochaeta;1;Felipe
2025_02;FE;12.9;Peltea macedoi;1;Felipe
2025_02;FE;12.9;Ruellia trachyphylla;1;Felipe
2025_02;FE;13.1;Camarea ericoides;1;Felipe
2025_02;FE;13.1;Croton gracilescens;5;Felipe
2025_02;FE;13.1;Eriope sp;1;Felipe
2025_02;FE;13.1;Euphorbia potentilloides ;1;Felipe
2025_02;FE;13.1;Gymneia chapadensis;1;Felipe
2025_02;FE;13.1;Ichthyothere hirsuta;5;Felipe
2025_02;FE;13.1;Mimosa gracilis;1;Felipe
2025_02;FE;13.1;Ruellia nitens;1;Felipe
2025_02;FE;13.10;Chamaecrista isidorea;10;Felipe
2025_02;FE;13.10;Cipura xanthomelas;1;Felipe
2025_02;FE;13.10;Croton gracilescens;5;Felipe
2025_02;FE;13.10;Cuphea hyssopoides;1;Felipe
2025_02;FE;13.10;Eriope sp;1;Felipe
2025_02;FE;13.10;Ipomoea fiebrigii;1;Felipe
2025_02;FE;13.10;Kielmeyera abdita;5;Felipe
2025_02;FE;13.10;Mimosa cavalcantina;5;Felipe
2025_02;FE;13.10;Oxalis pyrenea var. macrochaeta;1;Felipe
2025_02;FE;13.2;Camarea ericoides;1;Felipe
2025_02;FE;13.2;Eriope sp;1;Felipe
2025_02;FE;13.2;Gymneia chapadensis;1;Felipe
2025_02;FE;13.2;Heteropterys pannosa;5;Felipe
2025_02;FE;13.2;Ipomoea paulistana;1;Felipe
2025_02;FE;13.2;Mimosa cavalcantina;5;Felipe
2025_02;FE;13.2;Mimosa gracilis;1;Felipe
2025_02;FE;13.2;Oxalis pyrenea var. macrochaeta;1;Felipe
2025_02;FE;13.2;Pombalia lanata;1;Felipe
2025_02;FE;13.2;Ruellia trachyphylla;1;Felipe
2025_02;FE;13.2;Tibouchina melastomoides;1;Felipe
2025_02;FE;13.3;Croton gracilescens;5;Felipe
2025_02;FE;13.3;Ctenodon paniculatus;1;Felipe
2025_02;FE;13.3;Eriope sp;1;Felipe
2025_02;FE;13.3;Ichthyothere hirsuta;5;Felipe
2025_02;FE;13.3;Oxalis pyrenea var. macrochaeta;1;Felipe
2025_02;FE;13.3;Pseudotrimezia juncifolia;1;Felipe
2025_02;FE;13.3;Tibouchina melastomoides;5;Felipe
2025_02;FE;13.4;Bernardia hirsutissima;1;Felipe
2025_02;FE;13.4;Camarea ericoides;1;Felipe
2025_02;FE;13.4;Chamaecrista claussenii;5;Felipe
2025_02;FE;13.4;Croton gracilescens;10;Felipe
2025_02;FE;13.4;Diplusodon paraisoensis;1;Felipe
2025_02;FE;13.4;Eriope sp;1;Felipe
2025_02;FE;13.4;Galactia sp;5;Felipe
2025_02;FE;13.4;Gymneia chapadensis;1;Felipe
2025_02;FE;13.4;Ichthyothere hirsuta;1;Felipe
2025_02;FE;13.4;Pseudotrimezia juncifolia;1;Felipe
2025_02;FE;13.5;Croton gracilescens;5;Felipe
2025_02;FE;13.5;Cuphea spermacoce;1;Felipe
2025_02;FE;13.5;Eriope sp;1;Felipe
2025_02;FE;13.5;Eriosema congestum;5;Felipe
2025_02;FE;13.5;Euphorbia potentilloides ;1;Felipe
2025_02;FE;13.5;Gymneia chapadensis;1;Felipe
2025_02;FE;13.5;Manihot kalungae;1;Felipe
2025_02;FE;13.6;Aldama grandiflora;20;Felipe
2025_02;FE;13.6;Croton gracilescens;5;Felipe
2025_02;FE;13.6;Eriosema congestum;5;Felipe
2025_02;FE;13.6;Euphorbia potentilloides ;1;Felipe
2025_02;FE;13.6;Heteropterys pannosa;5;Felipe
2025_02;FE;13.6;Ipomoea paulistana;1;Felipe
2025_02;FE;13.6;Pombalia lanata;5;Felipe
2025_02;FE;13.7;Calliandra dysantha;1;Felipe
2025_02;FE;13.7;Croton gracilescens;5;Felipe
2025_02;FE;13.7;Eriope sp;1;Felipe
2025_02;FE;13.7;Eriosema congestum;10;Felipe
2025_02;FE;13.7;Euphorbia potentilloides ;1;Felipe
2025_02;FE;13.7;Gymneia chapadensis;5;Felipe
2025_02;FE;13.7;Heteropterys pannosa;1;Felipe
2025_02;FE;13.7;Hypenia sp;1;Felipe
2025_02;FE;13.7;Lippia horridula;1;Felipe
2025_02;FE;13.7;Medusantha mollissima;1;Felipe
2025_02;FE;13.7;Ruellia trachyphylla;1;Felipe
2025_02;FE;13.8;Chamaecrista ochrosperma;5;Felipe
2025_02;FE;13.8;Croton gracilescens;5;Felipe
2025_02;FE;13.8;Eriope sp;1;Felipe
2025_02;FE;13.8;Galactia sp;5;Felipe
2025_02;FE;13.8;Gymneia chapadensis;1;Felipe
2025_02;FE;13.8;Heteropterys pannosa;5;Felipe
2025_02;FE;13.8;Ruellia trachyphylla;1;Felipe
2025_02;FE;13.8;Tibouchina melastomoides;5;Felipe
2025_02;FE;13.9;Camarea ericoides;1;Felipe
2025_02;FE;13.9;Croton gracilescens;5;Felipe
2025_02;FE;13.9;Eriope sp;1;Felipe
2025_02;FE;13.9;Euphorbia potentilloides ;1;Felipe
2025_02;FE;13.9;Heteropterys pannosa;5;Felipe
2025_02;FE;13.9;Oxalis pyrenea var. macrochaeta;1;Felipe
2025_02;BF;17.10;Amasonia hirta;5;Felipe
2025_02;BF;17.10;Bernardia hirsutissima;10;Felipe
2025_02;BF;17.10;Camarea ericoides;1;Felipe
2025_02;BF;17.10;Chamaecrista ochrosperma;1;Felipe
2025_02;BF;17.10;Ctenodon paniculatus;1;Felipe
2025_02;BF;17.10;Euphorbia potentilloides;1;Felipe
2025_02;BF;17.10;Gymneia chapadensis;1;Felipe
2025_02;BF;17.10;Heteropterys pannosa;5;Felipe
2025_02;BF;17.10;Justicia lanstyakii;5;Felipe
2025_02;BF;17.10;Medusantha mollissima;1;Felipe
2025_02;BF;17.10;Mimosa gracilis;1;Felipe
2025_02;BF;17.10;Peltea macedoi;10;Felipe
2025_02;BF;17.5;Peltea macedoi;5;Felipe
2025_02;BF;17.5;Ruellia trachyphylla;5;Felipe
2025_02;BF;17.6;Aldama grandiflora ;10;Felipe
2025_02;BF;17.6;Chamaecrista ochrosperma;10;Felipe
2025_02;BF;17.6;Croton gracilescens;5;Felipe
2025_02;BF;17.6;Eriope sp;1;Felipe
2025_02;BF;17.6;Heteropterys pannosa;5;Felipe
2025_02;BF;17.6;Manihot kalungae;1;Felipe
2025_02;BF;17.7;Aldama grandiflora ;5;Felipe
2025_02;BF;17.7;Calliandra dysantha;5;Felipe
2025_02;BF;17.7;Croton gracilescens;5;Felipe
2025_02;BF;17.7;Euphorbia potentilloides;1;Felipe
2025_02;BF;17.7;Gymneia chapadensis;5;Felipe
2025_02;BF;17.7;Hyptis remota;1;Felipe
2025_02;BF;17.7;Justicia lanstyakii;1;Felipe
2025_02;BF;17.7;Justicia phylocallyx;1;Felipe
2025_02;BF;17.7;Turnera emendata;1;Felipe
2025_02;BF;17.8;Aldama grandiflora ;10;Felipe
2025_02;BF;17.8;Calliandra dysantha;1;Felipe
2025_02;BF;17.8;Chamaecrista claussenii;5;Felipe
2025_02;BF;17.8;Croton gracilescens;5;Felipe
2025_02;BF;17.8;Eriope sp;1;Felipe
2025_02;BF;17.8;Gymneia chapadensis;1;Felipe
2025_02;BF;17.8;Heteropterys pannosa;5;Felipe
2025_02;BF;17.8;Ruellia trachyphylla;5;Felipe
2025_02;BF;17.9;Bernardia hirsutissima;5;Felipe
2025_02;BF;17.9;Chamaecrista ochrosperma;10;Felipe
2025_02;BF;17.9;Cipura xanthomelas;1;Felipe
2025_02;BF;17.9;Croton gracilescens;5;Felipe
2025_02;BF;17.9;Ctenodon paniculatus;1;Felipe
2025_02;BF;17.9;Gymneia chapadensis;1;Felipe
2025_02;BF;17.9;Heteropterys pannosa;5;Felipe
2025_02;BF;17.9;Ruellia trachyphylla;1;Felipe
2025_02;BF;2.1;Calliandra dysantha;1;Dezotti
2025_02;BF;2.1;Chamaecrista claussenii;20;Dezotti
2025_02;BF;2.1;Croton gracilescens;5;Dezotti
2025_02;BF;2.1;Eriope sp;1;Dezotti
2025_02;BF;2.1;Gymneia chapadensis;1;Dezotti
2025_02;BF;2.1;Hemipogon acerosus;1;Dezotti
2025_02;BF;2.1;Hyptis remota;5;Dezotti
2025_02;BF;2.1;Lippia horridula;1;Dezotti
2025_02;BF;2.1;Oxalis goyazensis;5;Dezotti
2025_02;BF;2.1;Ruellia trachyphylla;5;Dezotti
2025_02;BF;2.1;Tibouchina melastomoides;1;Dezotti
2025_02;BF;2.10;Camarea ericoides;5;Dezotti
2025_02;BF;2.10;Croton gracilescens;5;Dezotti
2025_02;BF;2.10;Heteropterys pannosa;5;Dezotti
2025_02;BF;2.10;Hyptis remota;10;Dezotti
2025_02;BF;2.10;Mimosa gracilis;5;Dezotti
2025_02;BF;2.10;Pombalia lanata;5;Dezotti
2025_02;BF;2.10;Tibouchina melastomoides;5;Dezotti
2025_02;BF;2.2;Chamaecrista claussenii;30;Dezotti
2025_02;BF;2.2;Chamaecrista ochrosperma;5;Dezotti
2025_02;BF;2.2;Croton gracilescens;5;Dezotti
2025_02;BF;2.2;Gymneia chapadensis;5;Dezotti
2025_02;BF;2.2;Heteropterys pannosa;5;Dezotti
2025_02;BF;2.2;Lippia horridula;5;Dezotti
2025_02;BF;2.2;Mimosa gracilis;1;Dezotti
2025_02;BF;2.2;Ruellia trachyphylla;10;Dezotti
2025_02;BF;2.2;Trixis glutinosa;5;Dezotti
2025_02;BF;2.3;Chamaecrista ochrosperma;10;Dezotti
2025_02;BF;2.3;Croton gracilescens;10;Dezotti
2025_02;BF;2.3;Eriope sp;1;Dezotti
2025_02;BF;2.3;Euphorbia potentilloides;1;Dezotti
2025_02;BF;2.3;Gymneia chapadensis;5;Dezotti
2025_02;BF;2.3;Manihot kalungae;1;Dezotti
2025_02;BF;2.3;Mimosa gracilis;1;Dezotti
2025_02;BF;2.3;Ruellia trachyphylla;20;Dezotti
2025_02;BF;2.3;Tibouchina melastomoides;5;Dezotti
2025_02;BF;2.4;Anemopaegma arvense;5;Dezotti
2025_02;BF;2.4;Croton gracilescens;1;Dezotti
2025_02;BF;2.4;Eriope sp;1;Dezotti
2025_02;BF;2.4;Euphorbia potentilloides;1;Dezotti
2025_02;BF;2.4;Gymneia chapadensis;5;Dezotti
2025_02;BF;2.4;Hyptis remota;5;Dezotti
2025_02;BF;2.4;Ruellia trachyphylla;1;Dezotti
2025_02;BF;2.4;Tibouchina melastomoides;1;Dezotti
2025_02;BF;2.5;Chamaecrista claussenii;30;Dezotti
2025_02;BF;2.5;Croton gracilescens;5;Dezotti
2025_02;BF;2.5;Eriope sp;1;Dezotti
2025_02;BF;2.5;Eriosema congestum;10;Dezotti
2025_02;BF;2.5;Euphorbia potentilloides;1;Dezotti
2025_02;BF;2.5;Gymneia chapadensis;5;Dezotti
2025_02;BF;2.5;Hemipogon acerosus;1;Dezotti
2025_02;BF;2.5;Manihot kalungae;1;Dezotti
2025_02;BF;2.5;Mimosa gracilis;1;Dezotti
2025_02;BF;2.5;Pombalia lanata;1;Dezotti
2025_02;BF;2.5;Ruellia trachyphylla;10;Dezotti
2025_02;BF;2.5;Borreria tenella;1;Dezotti
2025_02;BF;2.5;Sisyrinchium vaginatum;5;Dezotti
2025_02;BF;2.6;Calolisianthus speciosus;5;Dezotti
2025_02;BF;2.6;Chamaecrista ochrosperma;5;Dezotti
2025_02;BF;2.6;Croton gracilescens;5;Dezotti
2025_02;BF;2.6;Cuphea spermacoce;1;Dezotti
2025_02;BF;2.6;Deianira pallescens;5;Dezotti
2025_02;BF;2.6;Diplusodon paraisoensis;1;Dezotti
2025_02;BF;2.6;Eriope sp;1;Dezotti
2025_02;BF;2.6;Euphorbia potentilloides;1;Dezotti
2025_02;BF;2.6;Gymneia chapadensis;1;Dezotti
2025_02;BF;2.6;Hyptis remota;5;Dezotti
2025_02;BF;2.6;Justicia lanstyakii;5;Dezotti
2025_02;BF;2.6;Mimosa gracilis;1;Dezotti
2025_02;BF;2.6;Oxalis pyrenea var. macrochaeta;1;Dezotti
2025_02;BF;2.6;Ruellia trachyphylla;10;Dezotti
2025_02;BF;2.6;Sisyrinchium vaginatum;5;Dezotti
2025_02;BF;2.6;Tibouchina melastomoides;1;Dezotti
2025_02;BF;2.7;Chamaecrista ochrosperma;10;Dezotti
2025_02;BF;2.7;Croton gracilescens;5;Dezotti
2025_02;BF;2.7;Cuphea spermacoce;1;Dezotti
2025_02;BF;2.7;Desmodium platycarpum;1;Dezotti
2025_02;BF;2.7;Eriope sp;1;Dezotti
2025_02;BF;2.7;Gymneia chapadensis;5;Dezotti
2025_02;BF;2.7;Manihot kalungae;5;Dezotti
2025_02;BF;2.7;Pombalia lanata;1;Dezotti
2025_02;BF;2.8;Chamaecrista ochrosperma;5;Dezotti
2025_02;BF;2.8;Croton gracilescens;10;Dezotti
2025_02;BF;2.8;Eriope sp;5;Dezotti
2025_02;BF;2.8;Mimosa gracilis;1;Dezotti
2025_02;BF;2.8;Oxalis pyrenea var. macrochaeta;1;Dezotti
2025_02;BF;2.8;Porophyllum obscurum;1;Dezotti
2025_02;BF;2.8;Ruellia trachyphylla;10;Dezotti
2025_02;BF;2.8;Tibouchina melastomoides;5;Dezotti
2025_02;BF;2.9;Lessingianthus virgulatus;5;Dezotti
2025_02;BF;2.9;Croton gracilescens;5;Dezotti
2025_02;BF;2.9;Eriope sp;1;Dezotti
2025_02;BF;2.9;Euphorbia potentilloides;1;Dezotti
2025_02;BF;2.9;Lippia horridula;1;Dezotti
2025_02;BF;2.9;Mimosa gracilis;1;Dezotti
2025_02;BF;2.9;Porophyllum obscurum;1;Dezotti
2025_02;BF;2.9;Tibouchina melastomoides;5;Dezotti
2025_02;BF;23.1;Aldama grandiflora;40;Dezotti
2025_02;BF;23.1;Bernardia hirsutissima;5;Dezotti
2025_02;BF;23.1;Chamaecrista ochrosperma;10;Dezotti
2025_02;BF;23.1;Chamaecrista fagonioides;5;Dezotti
2025_02;BF;23.1;Croton gracilescens;5;Dezotti
2025_02;BF;23.1;Euphorbia potentilloides;1;Dezotti
2025_02;BF;23.1;Desmodium platycarpum;10;Dezotti
2025_02;BF;23.1;Hyptis remota;5;Dezotti
2025_02;BF;23.1;Mimosa macrocephala;10;Dezotti
2025_02;BF;23.1;Peltea macedoi;5;Dezotti
2025_02;BF;23.1;Ruellia trachyphylla;10;Dezotti
2025_02;BF;23.10;Desmodium platycarpum;5;Dezotti
2025_02;BF;23.10;Eriope sp;1;Dezotti
2025_02;BF;23.10;Gymneia chapadensis;5;Dezotti
2025_02;BF;23.10;Heteropterys pannosa;5;Dezotti
2025_02;BF;23.10;Hyptis remota;1;Dezotti
2025_02;BF;23.10;Mimosa gracilis;5;Dezotti
2025_02;BF;23.10;Aristolochia claussenii;5;Dezotti
2025_02;BF;23.10;Bernardia hirsutissima;5;Dezotti
2025_02;BF;23.10;Calolisianthus speciosus;1;Dezotti
2025_02;BF;23.10;Chamaecrista claussenii;10;Dezotti
2025_02;BF;23.10;Croton gracilescens;10;Dezotti
2025_02;BF;23.10;Cuphea hyssopoides;1;Dezotti
2025_02;BF;23.10;Desmodium platycarpum;5;Dezotti
2025_02;BF;23.10;Eriope sp;1;Dezotti
2025_02;BF;23.10;Gymneia chapadensis;5;Dezotti
2025_02;BF;23.10;Heteropterys pannosa;5;Dezotti
2025_02;BF;23.10;Hyptis remota;1;Dezotti
2025_02;BF;23.10;Mimosa gracilis;5;Dezotti
2025_02;BF;23.10;Aristolochia claussenii;5;Dezotti
2025_02;BF;23.2;Aldama grandiflora;20;Dezotti
2025_02;BF;23.2;Calliandra dysantha;30;Dezotti
2025_02;BF;23.2;Croton gracilescens;5;Dezotti
2025_02;BF;23.2;Cuphea hyssopoides;1;Dezotti
2025_02;BF;23.2;Eriope sp;1;Dezotti
2025_02;BF;23.2;Euphorbia potentilloides;1;Dezotti
2025_02;BF;23.2;Hemipogon acerosus;1;Dezotti
2025_02;BF;23.2;Hyptis remota;10;Dezotti
2025_02;BF;23.2;Pombalia lanata;5;Dezotti
2025_02;BF;23.2;Tibouchina melastomoides;5;Dezotti
2025_02;BF;23.3;Camarea ericoides;5;Dezotti
2025_02;BF;23.3;Chamaecrista claussenii;20;Dezotti
2025_02;BF;23.3;Chamaecrista isidorea;5;Dezotti
2025_02;BF;23.3;Croton gracilescens;5;Dezotti
2025_02;BF;23.3;Ctenodon paniculatus;5;Dezotti
2025_02;BF;23.3;Declieuxia lancifolia;1;Dezotti
2025_02;BF;23.3;Deianira pallescens;1;Dezotti
2025_02;BF;23.3;Eriope sp;5;Dezotti
2025_02;BF;23.3;Euphorbia potentilloides;1;Dezotti
2025_02;BF;23.3;Hyptis remota;5;Dezotti
2025_02;BF;23.3;Medusantha mollissima;1;Dezotti
2025_02;BF;23.3;Tibouchina melastomoides;5;Dezotti
2025_02;BF;23.4;Pombalia lanata;5;Dezotti
2025_02;BF;23.4;Bernardia hirsutissima;5;Dezotti
2025_02;BF;23.4;Chamaecrista claussenii;20;Dezotti
2025_02;BF;23.4;Croton gracilescens;5;Dezotti
2025_02;BF;23.4;Deianira pallescens;5;Dezotti
2025_02;BF;23.4;Eriope sp;1;Dezotti
2025_02;BF;23.4;Euphorbia potentilloides;1;Dezotti
2025_02;BF;23.4;Gymneia chapadensis;5;Dezotti
2025_02;BF;23.4;Hyptis remota;5;Dezotti
2025_02;BF;23.4;Pombalia lanata;1;Dezotti
2025_02;BF;23.4;Ruellia nitens;5;Dezotti
2025_02;BF;23.5;Calliandra dysantha;5;Dezotti
2025_02;BF;23.5;Chamaecrista claussenii;5;Dezotti
2025_02;BF;23.5;Chamaecrista isidorea;5;Dezotti
2025_02;BF;23.5;Cipura xanthomelas;5;Dezotti
2025_02;BF;23.5;Croton gracilescens;10;Dezotti
2025_02;BF;23.5;Cuphea hyssopoides;1;Dezotti
2025_02;BF;23.5;Eriope sp;10;Dezotti
2025_02;BF;23.5;Euphorbia potentilloides;5;Dezotti
2025_02;BF;23.5;Heteropterys pannosa;5;Dezotti
2025_02;BF;23.5;Hyptis remota;10;Dezotti
2025_02;BF;23.5;Manihot kalungae;1;Dezotti
2025_02;BF;23.5;Ruellia angustior;10;Dezotti
2025_02;BF;23.5;Ruellia nitens;5;Dezotti
2025_02;BF;23.5;Tibouchina melastomoides;1;Dezotti
2025_02;BF;23.6;Aristolochia claussenii;1;Dezotti
2025_02;BF;23.6;Calliandra dysantha;5;Dezotti
2025_02;BF;23.6;Chamaecrista claussenii;40;Dezotti
2025_02;BF;23.6;Croton gracilescens;5;Dezotti
2025_02;BF;23.6;Ctenodon paniculatus;1;Dezotti
2025_02;BF;23.6;Eriope sp;1;Dezotti
2025_02;BF;23.6;Euphorbia potentilloides;1;Dezotti
2025_02;BF;23.6;Hemipogon acerosus;1;Dezotti
2025_02;BF;23.6;Hyptis remota;5;Dezotti
2025_02;BF;23.6;Ichthyothere hirsuta;5;Dezotti
2025_02;BF;23.6;Lippia horridula;1;Dezotti
2025_02;BF;23.6;Manihot kalungae;5;Dezotti
2025_02;BF;23.6;Mimosa gracilis;5;Dezotti
2025_02;BF;23.6;Ruellia angustior;5;Dezotti
2025_02;BF;23.7;Bernardia hirsutissima;5;Dezotti
2025_02;BF;23.7;Calliandra dysantha;10;Dezotti
2025_02;BF;23.7;Chamaecrista ochrosperma;5;Dezotti
2025_02;BF;23.7;Croton gracilescens;10;Dezotti
2025_02;BF;23.7;Eriope sp;1;Dezotti
2025_02;BF;23.7;Euphorbia potentilloides;1;Dezotti
2025_02;BF;23.7;Gymneia chapadensis;1;Dezotti
2025_02;BF;23.7;Hyptis remota;10;Dezotti
2025_02;BF;23.7;Ichthyothere hirsuta;5;Dezotti
2025_02;BF;23.7;Mimosa gracilis;1;Dezotti
2025_02;BF;23.7;Oxalis goyazensis;10;Dezotti
2025_02;BF;23.7;Tibouchina melastomoides;1;Dezotti
2025_02;BF;23.8;Aldama grandiflora;30;Dezotti
2025_02;BF;23.8;Calliandra dysantha;5;Dezotti
2025_02;BF;23.8;Chamaecrista claussenii;5;Dezotti
2025_02;BF;23.8;Croton gracilescens;10;Dezotti
2025_02;BF;23.8;Ctenodon paniculatus;1;Dezotti
2025_02;BF;23.8;Cuphea hyssopoides;5;Dezotti
2025_02;BF;23.8;Desmodium platycarpum;5;Dezotti
2025_02;BF;23.8;Heteropterys pannosa;5;Dezotti
2025_02;BF;23.8;Hyptis remota;10;Dezotti
2025_02;BF;23.8;Ichthyothere hirsuta;5;Dezotti
2025_02;BF;23.8;Pombalia lanata;5;Dezotti
2025_02;BF;23.8;Ruellia trachyphylla;10;Dezotti
2025_02;BF;23.8;Tibouchina melastomoides;1;Dezotti
2025_02;BF;23.9;Aldama grandiflora;5;Dezotti
2025_02;BF;23.9;Byttneria jaculifolia;5;Dezotti
2025_02;BF;23.9;Chamaecrista isidorea;5;Dezotti
2025_02;BF;23.9;Croton gracilescens;20;Dezotti
2025_02;BF;23.9;Eriope sp;5;Dezotti
2025_02;BF;23.9;Euphorbia potentilloides;1;Dezotti
2025_02;BF;23.9;Heteropterys pannosa;5;Dezotti
2025_02;BF;23.9;Ichthyothere hirsuta;5;Dezotti
2025_02;BF;23.9;Justicia lanstyakii;1;Dezotti
2025_02;FE;V.21;Borreria tenella;1;Felipe
2025_02;FE;V.21;Chamaecrista claussenii;5;Felipe
2025_02;FE;V.21;Croton gracilescens;5;Felipe
2025_02;FE;V.21;Eriope sp;1;Felipe
2025_02;FE;V.21;Gymneia chapadensis;5;Felipe
2025_02;FE;V.21;Ruellia nitens;5;Felipe
2025_02;FE;V.21;Senega celosioides;1;Felipe
2025_02;FE;V.22;Bernardia hirsutissima;1;Felipe
2025_02;FE;V.22;Croton gracilescens;5;Felipe
2025_02;FE;V.22;Eriope sp;1;Felipe
2025_02;FE;V.22;Eriosema congestum;10;Felipe
2025_02;FE;V.22;Lippia horridula;1;Felipe
2025_02;FE;V.22;Medusantha mollissima;1;Felipe
2025_02;FE;V.22;Pombalia lanata;1;Felipe
2025_02;FE;V.23;Borreria tenella;1;Felipe
2025_02;FE;V.23;Croton gracilescens;5;Felipe
2025_02;FE;V.23;Eriope sp;1;Felipe
2025_02;FE;V.23;Euphorbia potentilloides ;1;Felipe
2025_02;FE;V.23;Gymneia chapadensis;5;Felipe
2025_02;FE;V.23;Senega celosioides;1;Felipe
2025_02;FE;V.23;Tibouchina melastomoides;1;Felipe
2025_02;FE;V.24;Croton gracilescens;5;Felipe
2025_02;FE;V.24;Eriope sp;1;Felipe
2025_02;FE;V.24;Heteropterys pannosa;5;Felipe
2025_02;FE;V.24;Tibouchina melastomoides;1;Felipe
2025_02;FE;V.25;Aldama grandiflora;10;Felipe
2025_02;FE;V.25;Borreria tenella;1;Felipe
2025_02;FE;V.25;Croton gracilescens;5;Felipe
2025_02;FE;V.25;Eriope sp;5;Felipe
2025_02;FE;V.25;Gymneia chapadensis;5;Felipe
2025_02;FE;V.25;Heteropterys pannosa;1;Felipe
2025_02;FE;V.25;Ipomoea fiebrigii;1;Felipe
2025_02;FE;V.25;Justicia lanstyakii;5;Felipe
2025_02;FE;V.25;Peltea macedoi;1;Felipe
2025_02;FE;V.26;Aldama grandiflora;10;Felipe
2025_02;FE;V.26;Croton gracilescens;5;Felipe
2025_02;FE;V.26;Cuphea spermacoce;1;Felipe
2025_02;FE;V.26;Deianira pallescens;1;Felipe
2025_02;FE;V.26;Diplusodon paraisoensis;5;Felipe
2025_02;FE;V.26;Eriope sp;1;Felipe
2025_02;FE;V.26;Gomphrena sp;1;Felipe
2025_02;FE;V.26;Gymneia chapadensis;5;Felipe
2025_02;FE;V.26;Justicia lanstyakii;1;Felipe
2025_02;FE;V.26;Medusantha mollissima;5;Felipe
2025_02;FE;V.26;Oxalis goyazensis;1;Felipe
2025_02;FE;V.26;Tibouchina melastomoides;1;Felipe
2025_02;FE;V.28;Asteraceae caule amarelo anguloso;1;Felipe
2025_02;FE;V.28;Croton gracilescens;5;Felipe
2025_02;FE;V.28;Eriope sp;1;Felipe
2025_02;FE;V.28;Galactia sp;5;Felipe
2025_02;FE;V.28;Heteropterys pannosa;5;Felipe
2025_02;FE;V.28;Kielmeyera rubriflora;5;Felipe
2025_02;FE;V.28;Manihot kalungae;1;Felipe
2025_02;FE;V.29;Aristolochia claussenii;1;Felipe
2025_02;FE;V.29;Croton gracilescens;5;Felipe
2025_02;FE;V.29;Eriope sp;1;Felipe
2025_02;FE;V.29;Heteropterys pannosa;5;Felipe
2025_02;FE;V.29;Ichthyothere hirsuta;5;Felipe
2025_02;FE;V.29;Manihot kalungae;1;Felipe
2025_02;FE;V.29;Medusantha mollissima;1;Felipe
2025_02;FE;V.29;Oxalis goyazensis;1;Felipe
2025_02;FE;V.29;Pombalia lanata;1;Felipe
2025_02;FE;V.30;Chamaecrista claussenii;5;Felipe
2025_02;FE;V.30;Croton gracilescens;5;Felipe
2025_02;FE;V.30;Eriope sp;1;Felipe
2025_02;FE;V.30;Gymneia chapadensis;1;Felipe
2025_02;FE;V.30;Habenaria tamanduensis;10;Felipe
2025_02;FE;V.30;Ichthyothere hirsuta;1;Felipe
2025_02;FE;V.30;Ipomoea paulistana;1;Felipe
2025_02;FE;V.30;Ruellia nitens;5;Felipe
2025_02;FE;V.30;Tibouchina melastomoides;5;Felipe
